idx,Name,mean_price_2Bedroom,min_t_2Bedroom,t_range_2Bedroom,intercept_2Bedroom,price_trend_2Bedroom,intercept_err_2Bedroom,price_trend_err_2Bedroom,rsquared_2Bedroom,std_err_2Bedroom,nobs_2Bedroom
0,Northeast Dallas,1043.871,1611.247,912.498,765.430,0.135,71.899,0.034,0.345,50.513,31.000
1,Paradise,835.145,455.416,2068.329,685.752,0.100,15.277,0.010,0.625,47.107,69.000
2,Maryvale,721.618,1002.915,1520.830,543.891,0.101,16.955,0.009,0.705,29.208,51.000
3,Upper West Side,4491.435,1854.580,669.165,4384.614,0.049,154.947,0.070,0.022,65.165,23.000
4,Sherman Oaks,2023.583,546.666,1977.079,1706.027,0.207,43.159,0.026,0.491,121.925,66.000
5,Upper East Side,3353.664,607.499,1916.246,2793.536,0.358,58.239,0.035,0.627,154.903,64.000
6,Sunrise Manor,657.172,698.749,1824.996,617.359,0.025,8.774,0.005,0.279,21.256,61.000
7,East New York,1502.983,729.166,1794.579,1239.706,0.162,15.330,0.009,0.849,35.972,60.000
8,Paradise Valley,982.383,1641.664,882.081,771.611,0.101,60.036,0.029,0.309,39.840,30.000
9,Deer Valley,825.895,668.332,1855.413,666.401,0.100,16.917,0.010,0.623,42.299,62.000
10,Washington Heights,1849.992,546.666,1977.079,1501.932,0.227,13.825,0.008,0.919,39.055,66.000
11,Van Nuys,1576.625,1459.164,1064.581,731.914,0.424,70.437,0.035,0.813,64.362,36.000
12,Astoria,2295.417,546.666,1977.079,1819.588,0.310,53.641,0.033,0.584,151.535,66.000
13,North Mountain,713.614,425.000,2098.745,670.473,0.029,15.042,0.009,0.124,47.725,70.000
14,Far North,1088.931,789.999,1733.746,718.139,0.224,14.544,0.008,0.927,31.972,58.000
15,Hollywood,2499.754,759.582,1764.163,1923.817,0.351,70.103,0.041,0.566,159.254,59.000
16,Williamsburg,3103.582,881.249,1642.496,2616.729,0.286,60.369,0.034,0.570,119.916,55.000
17,Bedford Stuyvesant,1955.197,546.666,1977.079,1214.679,0.482,23.880,0.015,0.945,67.461,66.000
18,Alhambra,664.394,546.666,1977.079,539.398,0.081,7.263,0.004,0.841,20.519,66.000
19,Flatbush,1785.270,698.749,1824.996,1302.804,0.299,22.197,0.013,0.899,53.776,61.000
20,Crown Heights,2053.069,577.083,1946.662,1383.258,0.432,31.890,0.019,0.888,87.431,65.000
21,Harlem,2130.379,546.666,1977.079,1551.766,0.377,28.348,0.017,0.881,80.084,66.000
22,Roosevelt,659.370,911.665,1612.080,666.439,-0.004,8.358,0.005,0.015,16.035,54.000
23,Williamsbridge,1461.019,911.665,1612.080,1209.642,0.146,23.158,0.013,0.709,44.427,54.000
24,East Harlem,2782.071,2128.329,395.416,1717.841,0.458,350.312,0.150,0.435,63.880,14.000
25,Bushwick,1961.344,698.749,1824.996,1076.727,0.549,30.098,0.018,0.942,72.920,61.000
26,North Scottsdale,1506.536,425.000,2098.745,1370.113,0.093,64.344,0.040,0.072,204.147,70.000
27,East Flatbush,1654.435,1854.580,669.165,1033.635,0.284,90.216,0.041,0.695,37.941,23.000
28,Enterprise,1070.177,577.083,1946.662,955.915,0.074,14.975,0.009,0.512,41.057,65.000
29,East Memphis-Colonial-Yorkshire,670.533,729.166,1794.579,761.915,-0.056,24.499,0.014,0.210,57.488,60.000
30,Corona,1961.682,1550.414,973.331,788.083,0.576,83.481,0.041,0.867,65.426,33.000
31,Sunset Park,1778.541,698.749,1824.996,1378.537,0.248,19.910,0.012,0.884,48.235,61.000
32,Concourse,1541.731,1763.330,760.415,1338.505,0.095,93.148,0.043,0.167,48.292,26.000
33,South Side,1093.150,1945.830,577.915,241.641,0.381,201.545,0.090,0.499,66.903,20.000
34,North Hollywood,1961.759,789.999,1733.746,1040.496,0.556,59.861,0.035,0.822,131.593,58.000
35,Alief,775.039,1002.915,1520.830,696.640,0.044,12.118,0.007,0.476,20.876,51.000
36,Elmhurst,1965.635,972.498,1551.247,1382.653,0.333,47.214,0.026,0.765,84.354,52.000
37,Mid City,2586.500,2006.663,517.082,3289.417,-0.310,360.106,0.159,0.193,100.104,18.000
38,Bensonhurst,1585.583,729.166,1794.579,1273.707,0.192,17.303,0.010,0.861,40.602,60.000
39,Koreatown,2269.479,1824.163,699.582,1216.113,0.485,191.153,0.088,0.582,86.431,24.000
40,Westlake,2294.924,1550.414,973.331,1359.915,0.459,127.580,0.062,0.639,99.987,33.000
41,West San Jose,2559.208,1824.163,699.582,1572.327,0.454,232.240,0.106,0.453,105.008,24.000
42,Lower East Side,3256.598,546.666,1977.079,2931.449,0.212,34.152,0.021,0.618,96.478,66.000
43,Canarsie,1589.234,1124.581,1399.164,1289.246,0.164,34.736,0.019,0.635,51.405,47.000
44,Logan Square,1332.023,546.666,1977.079,1030.100,0.197,18.254,0.011,0.830,51.568,66.000
45,South Scottsdale,1316.230,242.500,2281.245,1148.894,0.121,59.233,0.039,0.117,221.402,76.000
46,Flushing,1903.444,911.665,1612.080,1383.851,0.302,29.438,0.017,0.866,56.476,54.000
47,Downtown,2818.536,1276.664,1247.081,1259.001,0.821,110.505,0.057,0.838,133.116,42.000
48,Ahwatukee Foothills,938.575,729.166,1794.579,726.043,0.131,11.739,0.007,0.862,27.546,60.000
49,Murray Hill,1887.426,698.749,1824.996,1432.996,0.282,25.301,0.015,0.859,61.297,61.000
50,Sheepshead Bay,1854.819,1124.581,1399.164,1547.453,0.168,25.000,0.013,0.779,36.997,47.000
51,North Raleigh,904.807,820.415,1703.330,677.363,0.136,19.740,0.011,0.725,41.973,57.000
52,Gravesend,1690.450,729.166,1794.579,1464.219,0.139,25.391,0.015,0.602,59.581,60.000
53,Sharpstown,758.318,1215.831,1307.914,684.235,0.040,26.174,0.014,0.166,34.315,44.000
54,San Pedro,1581.607,698.749,1824.996,1173.432,0.253,38.471,0.023,0.679,93.204,61.000
55,Forest Hills,2221.185,668.332,1855.413,1625.676,0.373,32.888,0.020,0.859,82.230,62.000
56,East Village,3221.015,516.249,2007.496,2737.674,0.318,24.638,0.015,0.872,71.690,67.000
57,Mira Mesa,1629.842,729.166,1794.579,1292.929,0.207,20.953,0.012,0.831,49.166,60.000
58,West Rogers Park,1148.962,577.083,1946.662,927.995,0.143,13.930,0.008,0.819,38.191,65.000
59,Eldridge - West Oaks,1290.708,1459.164,1064.581,1142.763,0.074,59.295,0.029,0.158,54.180,36.000
60,Ridgewood,1699.926,698.749,1824.996,1068.147,0.392,25.721,0.015,0.919,62.314,61.000
61,South Dorchester,1729.556,1185.415,1338.330,1502.535,0.122,45.712,0.024,0.375,62.447,45.000
62,Jackson Heights,2085.218,668.332,1855.413,1579.012,0.317,37.116,0.022,0.776,92.802,62.000
63,Southeast Colorado Springs,837.197,698.749,1824.996,766.136,0.044,14.215,0.008,0.320,34.439,61.000
64,Northwest Raleigh,998.613,668.332,1855.413,789.083,0.131,28.206,0.017,0.507,70.525,62.000
65,Kingwood Area,1107.637,1002.915,1520.830,796.272,0.177,40.569,0.022,0.561,69.887,51.000
66,Midwood,1700.484,698.749,1824.996,1341.708,0.223,22.141,0.013,0.832,53.641,61.000
67,Clear Lake,1090.000,2067.496,456.249,307.970,0.341,185.905,0.081,0.559,42.407,16.000
68,Greater Fondren Southwest,749.152,1154.998,1368.747,719.917,0.016,8.234,0.004,0.231,11.712,46.000
69,Park Slope,2762.415,577.083,1946.662,2205.052,0.359,41.427,0.025,0.765,113.580,65.000
70,Albany Park,1231.875,729.166,1794.579,1024.674,0.127,16.071,0.009,0.760,37.711,60.000
71,Westwood,3557.811,1428.747,1094.998,2157.079,0.709,162.716,0.081,0.685,156.099,37.000
72,Central Colorado Springs,824.961,1398.331,1125.414,696.019,0.066,43.891,0.022,0.198,44.157,38.000
73,Gramercy,4025.087,1854.580,669.165,4614.878,-0.269,223.299,0.102,0.251,93.912,23.000
74,Bay Ridge,1816.131,698.749,1824.996,1462.845,0.219,22.873,0.013,0.818,55.414,61.000
75,Rogers Park,1210.076,546.666,1977.079,1081.974,0.083,14.024,0.009,0.598,39.618,66.000
76,Hoover,714.491,942.082,1581.663,619.182,0.055,13.302,0.007,0.519,24.633,53.000
77,South Austin,878.583,2006.663,517.082,54.197,0.364,103.122,0.045,0.801,28.666,18.000
78,Fresno High Roeding,681.736,942.082,1581.663,699.613,-0.010,13.579,0.008,0.035,25.146,53.000
79,Kensington,2069.158,729.166,1794.579,1484.076,0.360,60.090,0.035,0.644,141.002,60.000
80,Encanto,901.311,546.666,1977.079,765.048,0.089,21.166,0.013,0.425,59.793,66.000
81,Kempsville,1063.062,577.083,1946.662,977.041,0.055,17.658,0.011,0.300,48.411,65.000
82,Bath Beach,1594.914,789.999,1733.746,1280.166,0.190,21.562,0.012,0.806,47.399,58.000
83,Little Havana,1583.750,1824.163,699.582,1149.165,0.200,146.082,0.067,0.289,66.052,24.000
84,Centennial Hills,920.417,729.166,1794.579,838.643,0.050,17.793,0.010,0.287,41.751,60.000
85,Roxbury,1814.418,881.249,1642.496,1421.521,0.231,30.699,0.017,0.770,60.979,55.000
86,Flagami,1426.887,668.332,1855.413,1216.505,0.132,17.329,0.010,0.733,43.328,62.000
87,Lone Mountain,887.421,820.415,1703.330,739.977,0.088,14.691,0.008,0.666,31.238,57.000
88,University Heights,1472.149,1124.581,1399.164,1168.173,0.167,18.102,0.010,0.868,26.789,47.000
89,Summerlin North,1057.508,698.749,1824.996,953.247,0.065,19.809,0.012,0.343,47.992,61.000
90,Bayside,1872.214,1489.581,1034.164,1360.233,0.255,59.761,0.029,0.695,51.949,35.000
91,Bedford Park,1530.439,1550.414,973.331,1143.455,0.190,41.252,0.020,0.743,32.330,33.000
92,Gresham,830.339,759.582,1764.163,666.962,0.100,21.609,0.013,0.524,49.090,59.000
93,Maspeth,1826.030,1550.414,973.331,1299.874,0.258,54.456,0.026,0.754,42.678,33.000
94,Lake Highlands,1220.065,1611.247,912.498,973.006,0.119,118.898,0.057,0.132,83.533,31.000
95,Hamilton Heights,1991.289,607.499,1916.246,1519.422,0.301,26.338,0.016,0.854,70.054,64.000
96,Woodlake - Briarmeadow,1119.422,1185.415,1338.330,709.869,0.221,65.612,0.035,0.486,89.632,45.000
97,Michael Way,721.839,759.582,1764.163,613.563,0.066,13.749,0.008,0.545,31.235,59.000
98,University City,2320.325,1945.830,577.915,1372.887,0.424,234.126,0.104,0.478,77.718,20.000
99,Chelsea,5050.217,1854.580,669.165,3485.631,0.715,455.839,0.207,0.361,191.710,23.000
100,Lake View,1736.970,546.666,1977.079,1503.118,0.152,20.614,0.013,0.697,58.234,66.000
101,Woodside,2061.170,850.832,1672.913,1835.995,0.133,36.626,0.021,0.432,75.291,56.000
102,Englewood,806.398,759.582,1764.163,748.380,0.035,12.507,0.007,0.293,28.413,59.000
103,Woodland Hills,2101.605,668.332,1855.413,1755.711,0.217,27.554,0.016,0.746,68.894,62.000
104,Oak Lawn,1957.958,729.166,1794.579,1732.052,0.139,30.543,0.018,0.510,71.670,60.000
105,Greater Uptown,1727.912,820.415,1703.330,1465.987,0.157,44.404,0.025,0.408,94.417,57.000
106,Palms,2071.284,789.999,1733.746,1240.076,0.502,42.008,0.024,0.884,92.347,58.000
107,Fordham,1422.500,1124.581,1399.164,1040.442,0.209,25.652,0.014,0.838,37.962,47.000
108,Mid City West,2935.250,729.166,1794.579,2579.512,0.219,73.477,0.043,0.309,172.416,60.000
109,Encino,2017.902,698.749,1824.996,1491.988,0.326,42.890,0.025,0.739,103.910,61.000
110,Valencia,1830.651,942.082,1581.663,1541.798,0.167,30.689,0.017,0.651,56.832,53.000
111,Sunnyside,2157.025,759.582,1764.163,1484.140,0.410,30.646,0.018,0.903,69.619,59.000
112,Memorial,1688.475,1945.830,577.915,608.952,0.483,169.348,0.076,0.694,56.215,20.000
113,Greenwich Village,3919.470,546.666,1977.079,3462.298,0.298,41.563,0.025,0.684,117.414,66.000
114,Rancho Bernardo,1694.852,698.749,1824.996,1455.679,0.148,20.358,0.012,0.722,49.322,61.000
115,Alameda - West Flagler,1658.680,698.749,1824.996,1331.250,0.203,15.195,0.009,0.897,36.812,61.000
116,Carmel Valley,2247.331,759.582,1764.163,1913.642,0.203,39.676,0.023,0.577,90.134,59.000
117,Rego Park,2137.858,729.166,1794.579,1666.253,0.290,26.750,0.016,0.856,62.770,60.000
118,Morningside Heights,2603.827,881.249,1642.496,2318.809,0.167,29.304,0.017,0.659,58.209,55.000
119,Kew Gardens Hills,2043.518,1702.497,821.248,3119.592,-0.509,170.083,0.080,0.609,100.163,28.000
120,East Boston,1800.343,1002.915,1520.830,1484.602,0.179,32.458,0.018,0.673,55.915,51.000
121,Coral Way,1963.809,485.833,2037.912,1472.487,0.327,23.538,0.015,0.884,70.519,68.000
122,Ocean Hill,1666.566,942.082,1581.663,1148.511,0.299,22.833,0.013,0.915,42.283,53.000
123,Mid Wilshire,2707.469,1580.830,942.915,1998.054,0.346,190.036,0.092,0.321,141.119,32.000
124,Greater Heights,1913.554,1702.497,821.248,1711.115,0.096,122.430,0.058,0.096,72.100,28.000
125,Ocean Parkway,1858.602,1063.748,1459.997,1190.099,0.373,56.813,0.031,0.757,90.828,49.000
126,South Shore,809.524,637.916,1885.829,688.567,0.077,13.038,0.008,0.613,33.630,63.000
127,Jamaica Plain,2016.135,637.916,1885.829,1577.561,0.277,51.710,0.031,0.570,133.378,63.000
128,Inwood,1813.352,698.749,1824.996,1444.778,0.229,27.151,0.016,0.776,65.778,61.000
129,Norwood,1537.438,1824.163,699.582,1154.422,0.176,63.385,0.029,0.626,28.660,24.000
130,North,854.797,759.582,1764.163,606.906,0.151,11.696,0.007,0.897,26.570,59.000
131,Brighton,1857.697,546.666,1977.079,1515.415,0.223,11.397,0.007,0.942,32.196,66.000
132,Dyker Heights,1669.683,729.166,1794.579,1382.353,0.177,30.485,0.018,0.629,71.533,60.000
133,Gulfton,817.326,1246.248,1277.497,787.008,0.016,33.878,0.018,0.020,42.592,43.000
134,Morris Park,1646.750,1337.498,1186.247,1332.430,0.163,34.437,0.018,0.694,37.984,40.000
135,North Park,1507.537,911.665,1612.080,915.344,0.345,31.036,0.017,0.883,59.542,54.000
136,Bayside,1194.931,789.999,1733.746,1194.784,0.000,26.695,0.015,0.000,58.685,58.000
137,Humboldt Park,1237.478,1185.415,1338.330,723.436,0.277,43.773,0.023,0.770,59.798,45.000
138,Lake View East,1821.197,546.666,1977.079,1714.615,0.069,26.300,0.016,0.227,74.298,66.000
139,North Center,1637.000,1246.248,1277.497,1475.644,0.086,59.945,0.031,0.155,75.365,43.000
140,South Loop,2340.833,455.416,2068.329,2082.565,0.173,20.781,0.013,0.729,64.082,69.000
141,South Boston,2758.623,820.415,1703.330,2508.704,0.149,57.095,0.033,0.275,121.402,57.000
142,Studio City,2355.656,698.749,1824.996,1732.880,0.387,70.272,0.041,0.596,170.248,61.000
143,Del Rey,3092.607,850.832,1672.913,2316.415,0.460,44.502,0.025,0.859,91.481,56.000
144,Fort Greene,3386.792,729.166,1794.579,2302.016,0.667,58.554,0.034,0.867,137.398,60.000
145,Columbia Heights,2804.000,1611.247,912.498,2695.929,0.052,177.602,0.085,0.013,124.775,31.000
146,Greenwood,2153.205,698.749,1824.996,1602.071,0.342,41.633,0.025,0.767,100.866,61.000
147,Venice,4342.471,1519.997,1003.748,2499.437,0.912,254.814,0.125,0.626,210.463,34.000
148,Greenpoint,2723.845,881.249,1642.496,2063.399,0.388,68.561,0.039,0.654,136.188,55.000
149,Kingsbridge,1641.182,1550.414,973.331,1328.658,0.153,56.341,0.027,0.503,44.155,33.000
150,Roslindale,1710.690,1033.332,1490.413,1341.591,0.208,44.731,0.024,0.601,74.255,50.000
151,Sawtelle,2394.167,729.166,1794.579,1550.124,0.519,41.815,0.024,0.886,98.120,60.000
152,West Raleigh,835.400,577.083,1946.662,604.180,0.149,14.290,0.009,0.825,39.179,65.000
153,Glendale,1668.990,1033.332,1490.413,1163.886,0.284,31.861,0.017,0.847,52.891,50.000
154,Prospect Lefferts Gardens,1927.593,759.582,1764.163,1341.339,0.357,35.563,0.021,0.840,80.790,59.000
155,Berclair-Highland Heights,582.812,1337.498,1186.247,507.178,0.039,22.882,0.012,0.229,25.238,40.000
156,Downtown,3133.924,1550.414,973.331,1873.800,0.619,157.515,0.077,0.678,123.448,33.000
157,Brentwood,3315.346,1367.914,1155.831,2386.914,0.477,135.349,0.069,0.567,142.650,39.000
158,Bronzeville,1203.225,729.166,1794.579,1086.125,0.072,22.545,0.013,0.339,52.903,60.000
159,Capitol Hill,2473.273,1550.414,973.331,1273.395,0.589,171.488,0.083,0.617,134.399,33.000
160,M Streets,1604.609,607.499,1916.246,1181.795,0.270,27.116,0.016,0.816,72.122,64.000
161,Homecrest,1818.773,1550.414,973.331,1472.561,0.170,44.251,0.022,0.668,34.680,33.000
162,West Roxbury,1884.708,729.166,1794.579,1852.018,0.020,36.086,0.021,0.015,84.676,60.000
163,Fort Hamilton,1990.172,698.749,1824.996,1572.523,0.259,30.990,0.018,0.774,75.079,61.000
164,South End,2907.615,577.083,1946.662,2420.730,0.314,41.049,0.025,0.717,112.542,65.000
165,Downtown,2867.402,850.832,1672.913,2383.352,0.287,68.565,0.039,0.500,140.946,56.000
166,Clinton,4362.522,1854.580,669.165,5360.502,-0.456,430.653,0.196,0.205,181.117,23.000
167,Neartown - Montrose,1869.653,759.582,1764.163,1545.383,0.198,37.550,0.022,0.590,85.302,59.000
168,Alexandria West,1833.596,972.498,1551.247,2038.205,-0.117,41.001,0.023,0.347,73.253,52.000
169,The Lakes,969.377,942.082,1581.663,712.429,0.148,22.912,0.013,0.726,42.430,53.000
170,Financial District,4446.652,546.666,1977.079,3238.949,0.787,63.543,0.039,0.866,179.507,66.000
171,Briarwood,1826.848,1550.414,973.331,1380.301,0.219,124.980,0.061,0.296,97.949,33.000
172,La Jolla,3706.257,485.833,2037.912,3631.981,0.049,61.550,0.038,0.025,184.402,68.000
173,Brighton Beach,1908.430,820.415,1703.330,1153.606,0.451,55.525,0.032,0.785,118.062,57.000
174,Flatiron District,5909.417,2189.162,334.583,11085.455,-2.197,662.736,0.281,0.859,93.291,12.000
175,North Dorchester,1984.516,1611.247,912.498,1323.633,0.320,95.573,0.046,0.627,67.146,31.000
176,Pacific Beach,1968.958,1459.164,1064.581,1679.366,0.145,130.530,0.065,0.129,119.271,36.000
177,South Chicago,836.456,1185.415,1338.330,585.954,0.135,25.623,0.014,0.699,35.003,45.000
178,Ravenswood,1466.615,577.083,1946.662,1234.661,0.150,21.547,0.013,0.676,59.075,65.000
179,Washington Avenue Coalition - Memorial Park,2022.364,759.582,1764.163,1707.541,0.192,53.749,0.031,0.398,122.102,59.000
180,Landmark-Van Dom,1813.153,759.582,1764.163,1760.297,0.032,20.761,0.012,0.111,47.163,59.000
181,West End,1113.208,2189.162,334.583,314.509,0.339,286.007,0.121,0.439,40.260,12.000
182,Woodbridge,1980.095,1276.664,1247.081,1847.714,0.070,58.886,0.030,0.116,70.936,42.000
183,Highland,1473.353,2037.079,486.666,863.649,0.267,178.719,0.078,0.438,45.133,17.000
184,Capitol,1549.375,2189.162,334.583,2464.283,-0.388,1296.165,0.550,0.048,182.456,12.000
185,University District,2172.393,2128.329,395.416,1023.707,0.494,513.044,0.220,0.295,93.554,14.000
186,Allston,1857.250,607.499,1916.246,1515.588,0.218,11.997,0.007,0.937,31.910,64.000
187,Clinton Hill,2805.383,729.166,1794.579,2332.841,0.291,42.245,0.025,0.704,99.128,60.000
188,Valley Village,2469.068,1884.996,638.749,2114.337,0.161,175.116,0.079,0.171,68.295,22.000
189,Flamingo Lummus,2576.538,577.083,1946.662,2412.466,0.106,32.653,0.020,0.313,89.523,65.000
190,Edgewater Beach,1568.938,1094.165,1429.580,1366.636,0.112,49.314,0.027,0.278,75.878,48.000
191,Great Neck,1074.430,1033.332,1490.413,993.100,0.046,21.134,0.012,0.247,35.084,50.000
192,Fenway,2764.562,577.083,1946.662,2453.233,0.201,28.953,0.018,0.676,79.379,65.000
193,Pico-Robertson,2376.900,1337.498,1186.247,1404.298,0.504,121.342,0.062,0.636,133.839,40.000
194,South,2252.644,759.582,1764.163,1690.674,0.342,58.632,0.034,0.639,133.197,59.000
195,Greenbrier East,1285.583,1641.664,882.081,1255.765,0.014,34.768,0.017,0.026,23.072,30.000
196,West Village,4375.220,546.666,1977.079,4087.713,0.187,55.012,0.034,0.328,155.409,66.000
197,Kew Gardens,1959.033,729.166,1794.579,1476.627,0.297,40.198,0.024,0.733,94.326,60.000
198,Brickell,2609.279,425.000,2098.745,2298.251,0.211,16.873,0.011,0.854,53.534,70.000
199,North Central,1192.500,1580.830,942.915,1043.234,0.073,30.016,0.014,0.456,22.290,32.000
200,West Park,2110.744,1367.914,1155.831,1702.782,0.210,29.451,0.015,0.842,31.040,39.000
201,Northwood,2043.333,1550.414,973.331,2309.870,-0.131,139.268,0.068,0.108,109.147,33.000
202,Potomac West,2200.944,1185.415,1338.330,2622.748,-0.227,163.324,0.086,0.140,223.116,45.000
203,Brooklyn Heights,3984.783,729.166,1794.579,3149.362,0.514,92.728,0.054,0.607,217.587,60.000
204,Waikiki,2998.859,1580.830,942.915,2513.572,0.236,272.710,0.132,0.097,202.513,32.000
205,Northampton,964.154,2158.746,364.999,1235.673,-0.116,234.737,0.100,0.109,37.800,13.000
206,Seminary Hill,1710.571,2128.329,395.416,1655.276,0.024,330.042,0.142,0.002,60.184,14.000
207,Back Bay,3899.681,789.999,1733.746,3831.027,0.041,61.909,0.036,0.023,136.096,58.000
208,Near North,2681.000,789.999,1733.746,2244.748,0.263,58.242,0.034,0.523,128.035,58.000
209,Columbus Circle,4809.152,1854.580,669.165,5213.891,-0.185,144.241,0.066,0.274,60.663,23.000
210,Braeswood Place,1716.537,1337.498,1186.247,1603.493,0.059,78.382,0.040,0.054,86.455,40.000
211,Uptown,1467.788,546.666,1977.079,1320.516,0.096,13.429,0.008,0.682,37.936,66.000
212,Sutton Place,4689.239,1854.580,669.165,6290.666,-0.732,388.942,0.177,0.449,163.575,23.000
213,Greenway - Upper Kirby Area,1976.095,1276.664,1247.081,1815.679,0.084,71.786,0.037,0.115,86.475,42.000
214,Lower Peters Canyon,2168.125,1580.830,942.915,1586.087,0.284,76.391,0.037,0.663,56.728,32.000
215,West Central,2485.062,2067.496,456.249,326.324,0.940,464.072,0.202,0.608,105.860,16.000
216,North San Jose,2993.955,1550.414,973.331,1741.139,0.615,139.777,0.068,0.726,109.546,33.000
217,Wingate,2170.214,2128.329,395.416,1523.138,0.278,654.059,0.281,0.076,119.268,14.000
218,Greenbrier West,1200.509,911.665,1612.080,1129.006,0.042,19.399,0.011,0.219,37.216,54.000
219,Bucktown,1909.769,577.083,1946.662,1807.356,0.066,33.960,0.021,0.141,93.108,65.000
220,Gowanus,3019.606,972.498,1551.247,2125.212,0.512,100.898,0.056,0.627,180.267,52.000
221,Streeterville,2818.772,485.833,2037.912,2180.036,0.424,37.608,0.023,0.835,112.673,68.000
222,Prospect Heights,2828.667,729.166,1794.579,2102.687,0.446,80.785,0.047,0.606,189.563,60.000
223,South of Market,4499.240,972.498,1551.247,3210.641,0.737,85.332,0.047,0.830,152.455,52.000
224,Downtown,2389.613,942.082,1581.663,2118.424,0.156,38.724,0.022,0.508,71.712,53.000
225,Turtle Bay,3835.273,607.499,1916.246,2766.335,0.683,90.084,0.054,0.719,239.604,64.000
226,Midtown,5406.935,1854.580,669.165,5712.001,-0.139,228.439,0.104,0.079,96.073,23.000
227,Astrodome Area,1435.580,1793.747,729.998,923.185,0.237,86.500,0.040,0.607,41.933,25.000
228,Vance Jackson,873.000,881.249,1642.496,819.963,0.031,17.676,0.010,0.155,35.111,55.000
229,Charlestown,2973.944,668.332,1855.413,3036.528,-0.039,45.711,0.027,0.034,114.291,62.000
230,Beach Haven,1022.231,972.498,1551.247,789.830,0.133,14.837,0.008,0.840,26.507,52.000
231,Metro West,1055.053,1124.581,1399.164,745.620,0.170,25.799,0.014,0.771,38.180,47.000
232,Bluffview,2019.292,2189.162,334.583,912.327,0.470,920.710,0.390,0.127,129.605,12.000
233,Adams Morgan,3020.719,1580.830,942.915,3529.645,-0.248,224.117,0.108,0.149,166.428,32.000
234,University Place,2131.267,2097.913,425.832,1347.663,0.339,396.924,0.171,0.231,81.256,15.000
235,Hollywood Lakes,1718.920,1793.747,729.998,1509.469,0.097,227.856,0.105,0.036,110.460,25.000
236,Seatack,1219.042,759.582,1764.163,1175.588,0.026,12.308,0.007,0.194,27.961,59.000
237,Tribeca,6053.370,1854.580,669.165,5647.457,0.185,376.453,0.171,0.053,158.323,23.000
238,Logan Circle,3466.528,911.665,1612.080,3437.194,0.017,62.389,0.035,0.005,119.691,54.000
239,Kenmore,2785.981,942.082,1581.663,2763.834,0.013,97.452,0.054,0.001,180.468,53.000
240,Park Manor,859.239,1154.998,1368.747,804.137,0.030,31.628,0.017,0.067,44.986,46.000
241,Ala Moana-Kakaako,3285.233,1246.248,1277.497,2844.770,0.234,96.795,0.050,0.344,121.694,43.000
242,Spuyten Duyvil,2420.240,972.498,1551.247,1861.087,0.320,75.352,0.042,0.541,134.625,52.000
243,Wynwood - Edgewater,2448.614,546.666,1977.079,1811.887,0.415,27.002,0.016,0.908,76.281,66.000
244,University Village - Little Italy,1893.423,577.083,1946.662,1628.142,0.171,32.221,0.020,0.550,88.340,65.000
245,Gold Coast,2566.839,759.582,1764.163,2218.979,0.212,53.005,0.031,0.454,120.413,59.000
246,Squirrel Hill South,1266.429,2128.329,395.416,482.374,0.337,301.952,0.130,0.360,55.061,14.000
247,Villages of Palm Beach Lakes,1139.766,668.332,1855.413,854.078,0.179,16.808,0.010,0.843,42.026,62.000
248,Tudor City,4625.783,1854.580,669.165,4343.653,0.129,358.242,0.163,0.029,150.664,23.000
249,Capitol Hill,1723.412,2037.079,486.666,1168.835,0.243,182.492,0.080,0.382,46.086,17.000
250,Battery Park,5631.823,577.083,1946.662,4178.308,0.938,84.256,0.051,0.843,231.002,65.000
251,West University,1573.203,1580.830,942.915,988.723,0.285,48.952,0.024,0.829,36.351,32.000
252,Playa Del Rey,2940.733,2097.913,425.832,1717.574,0.529,442.769,0.191,0.371,90.641,15.000
253,Irving Park,1343.312,1337.498,1186.247,1164.074,0.093,43.469,0.022,0.316,47.946,40.000
254,Dupont Circle,3568.657,911.665,1612.080,3662.907,-0.055,70.165,0.039,0.036,134.609,54.000
255,Near West Side,2694.000,2097.913,425.832,2827.223,-0.058,381.439,0.165,0.009,78.086,15.000
256,The Fan,1271.412,2037.079,486.666,1026.464,0.107,89.204,0.039,0.335,22.527,17.000
257,Mission Hill,2188.774,942.082,1581.663,1909.917,0.161,73.162,0.041,0.234,135.486,53.000
258,Hillcrest,2186.742,1611.247,912.498,1536.480,0.315,198.015,0.095,0.274,139.117,31.000
259,Hampden South,1663.188,2067.496,456.249,2743.001,-0.470,299.981,0.130,0.482,68.429,16.000
260,Shadyside,1623.089,1702.497,821.248,1251.000,0.176,240.918,0.113,0.085,141.878,28.000
261,Lincoln Park,2072.500,2128.329,395.416,1293.488,0.335,391.848,0.168,0.248,71.454,14.000
262,North Shore,2672.742,668.332,1855.413,2477.570,0.122,73.713,0.044,0.115,184.307,62.000
263,City Center,3059.571,2128.329,395.416,3306.637,-0.106,163.721,0.070,0.160,29.855,14.000
264,Riverside,1476.737,1976.246,547.499,2083.507,-0.270,218.497,0.097,0.313,66.523,19.000
265,Riverdale,2279.540,1033.332,1490.413,2302.033,-0.013,44.278,0.024,0.006,73.503,50.000
266,Windsor,1589.643,2128.329,395.416,2118.228,-0.227,153.483,0.066,0.498,27.988,14.000
267,Five Points,1977.191,881.249,1642.496,1281.234,0.409,55.148,0.031,0.765,109.546,55.000
268,North Cambridge,2662.570,1033.332,1490.413,2359.640,0.170,83.438,0.046,0.226,138.511,50.000
269,Carroll Gardens,3273.397,1367.914,1155.831,2656.495,0.317,187.086,0.095,0.233,197.179,39.000
270,Riverside,2547.217,942.082,1581.663,2225.201,0.186,59.674,0.033,0.380,110.508,53.000
271,Mid-Cambridge,2536.490,972.498,1551.247,2414.625,0.070,39.361,0.022,0.170,70.322,52.000
272,Downtown,2623.790,455.416,2068.329,2252.885,0.249,20.180,0.013,0.855,62.227,69.000
273,Wicker Park,2024.883,607.499,1916.246,1758.390,0.170,36.559,0.022,0.492,97.240,64.000
274,Boerum Hill,3401.265,1002.915,1520.830,2738.630,0.376,114.145,0.063,0.423,196.636,51.000
275,Windy Hill,1132.192,729.166,1794.579,1056.517,0.047,21.203,0.012,0.195,49.753,60.000
276,Ballston-Virginia Square,2829.430,820.415,1703.330,3207.782,-0.226,59.520,0.034,0.445,126.558,57.000
277,Cambridgeport,3138.905,637.916,1885.829,3155.690,-0.011,52.300,0.031,0.002,134.899,63.000
278,Downtown,2236.658,729.166,1794.579,1783.385,0.279,54.652,0.032,0.567,128.243,60.000
279,South Beach,5042.068,759.582,1764.163,3051.521,1.213,139.822,0.081,0.796,317.637,59.000
280,Thalia,1184.633,2097.913,425.832,1314.194,-0.056,158.641,0.069,0.049,32.476,15.000
281,Near East,2195.882,1519.997,1003.748,1146.478,0.519,134.483,0.066,0.660,111.076,34.000
282,Speer,1723.958,2189.162,334.583,2336.832,-0.260,755.773,0.320,0.062,106.387,12.000
283,Edgewater,1384.902,1002.915,1520.830,1184.503,0.114,27.849,0.015,0.529,47.975,51.000
284,First Hill,2950.038,2158.746,364.999,2684.018,0.114,1016.357,0.434,0.006,163.666,13.000
285,Buena Park,1622.054,577.083,1946.662,1351.759,0.174,29.440,0.018,0.603,80.714,65.000
286,Van Ness - Civic Center,4671.750,1945.830,577.915,4648.824,0.010,90.058,0.040,0.004,29.895,20.000
287,Old Town,2617.058,729.166,1794.579,2240.356,0.232,94.493,0.055,0.232,221.728,60.000
288,Hunters Point,3775.000,972.498,1551.247,3450.856,0.185,66.875,0.037,0.334,119.481,52.000
289,Peabody,2632.830,942.082,1581.663,2292.623,0.196,53.468,0.030,0.460,99.016,53.000
290,North-East Coconut Grove,2447.377,577.083,1946.662,2335.163,0.072,44.358,0.027,0.103,121.616,65.000
291,Sheffield Neighbors,1890.500,546.666,1977.079,1676.512,0.139,46.561,0.028,0.274,131.535,66.000
292,Aurora Highlands,2689.972,911.665,1612.080,3200.037,-0.297,101.309,0.057,0.344,194.356,54.000
293,Shaw,3762.500,2128.329,395.416,5781.545,-0.868,838.671,0.360,0.326,152.933,14.000
294,The Waterfront,3413.060,789.999,1733.746,2935.370,0.288,35.434,0.020,0.780,77.896,58.000
295,Old Fourth Ward,1532.115,972.498,1551.247,758.092,0.443,51.426,0.028,0.829,91.879,52.000
296,Palm Aire,1212.846,577.083,1946.662,1099.383,0.073,16.034,0.010,0.474,43.959,65.000
297,Fairlington-Shirlington,2250.518,820.415,1703.330,2366.511,-0.069,42.009,0.024,0.131,89.323,57.000
298,Wrightwood Neighbors,2012.333,1641.664,882.081,1949.649,0.030,199.049,0.095,0.004,132.089,30.000
299,The Loop,2738.364,881.249,1642.496,2453.150,0.168,73.869,0.042,0.233,146.733,55.000
300,Oceanfront,2891.714,425.000,2098.745,2619.155,0.185,52.098,0.033,0.321,165.293,70.000
301,Mission Valley East,2166.273,1884.996,638.749,1509.886,0.298,113.676,0.051,0.627,44.334,22.000
302,East Cambridge,3312.711,607.499,1916.246,3315.583,-0.002,64.114,0.039,0.000,170.530,64.000
303,North End,2694.250,729.166,1794.579,2609.279,0.052,40.738,0.024,0.077,95.592,60.000
304,Radnor-Ft Myer Heights,3004.519,972.498,1551.247,2943.609,0.035,74.378,0.041,0.014,132.885,52.000
305,Oak Creek,2227.015,1550.414,973.331,1921.251,0.150,32.218,0.016,0.748,25.250,33.000
306,Downtown,4061.620,911.665,1612.080,3344.752,0.417,59.252,0.033,0.752,113.672,54.000
307,Upper Eastside,1895.662,577.083,1946.662,1298.571,0.385,40.600,0.025,0.796,111.312,65.000
308,Beacon Hill,2801.724,1063.748,1459.997,2779.974,0.012,69.619,0.038,0.002,111.301,49.000
309,West Cambridge,2654.342,1398.331,1125.414,2382.561,0.139,87.975,0.044,0.214,88.509,38.000
310,Ballantyne West,1419.964,2128.329,395.416,910.791,0.219,167.251,0.072,0.436,30.498,14.000
311,Chinatown,4089.600,1945.830,577.915,2979.445,0.497,1032.356,0.461,0.061,342.691,20.000
312,Woodbury,2227.531,1580.830,942.915,1965.147,0.128,128.132,0.062,0.125,95.150,32.000
313,Little Italy,3928.918,881.249,1642.496,3824.062,0.062,65.632,0.037,0.049,130.370,55.000
314,Belltown,2329.821,942.082,1581.663,1532.742,0.460,65.226,0.036,0.758,120.791,53.000
315,Highland,2269.375,2067.496,456.249,3753.300,-0.646,344.909,0.150,0.570,78.677,16.000
316,River North,2998.261,516.249,2007.496,2414.745,0.384,50.954,0.031,0.699,148.263,67.000
317,Barton Hills,1672.567,2097.913,425.832,705.544,0.418,167.145,0.072,0.721,34.217,15.000
318,Midtown,2044.500,1124.581,1399.164,1907.446,0.075,74.678,0.040,0.073,110.515,47.000
319,Windsor Terrace,2623.981,972.498,1551.247,1790.620,0.477,101.268,0.056,0.591,180.926,52.000
320,East Village,2769.467,1185.415,1338.330,2194.456,0.310,94.918,0.050,0.472,129.666,45.000
321,Clarendon-Courthouse,2935.394,972.498,1551.247,3292.162,-0.204,46.211,0.026,0.560,82.561,52.000
322,Old City,2171.160,942.082,1581.663,2167.283,0.002,56.721,0.032,0.000,105.040,53.000
323,South Lamar,1425.861,1459.164,1064.581,901.878,0.263,59.677,0.030,0.699,54.529,36.000
324,Noble Square,1770.143,1489.581,1034.164,1581.927,0.094,133.651,0.066,0.058,116.181,35.000
325,North Buckhead,2534.559,2037.079,486.666,3393.161,-0.377,433.238,0.190,0.208,109.408,17.000
326,Deerwood,1159.038,2158.746,364.999,637.782,0.223,314.757,0.134,0.200,50.686,13.000
327,Grantville,2291.711,1976.246,547.499,1531.869,0.338,107.416,0.048,0.747,32.704,19.000
328,Cobble Hill,3835.395,1976.246,547.499,3072.309,0.339,722.723,0.320,0.062,220.038,19.000
329,East Ukrainian Village,2212.917,1641.664,882.081,2649.154,-0.209,192.482,0.092,0.157,127.732,30.000
330,Old Town Triangle,2370.357,2128.329,395.416,3191.387,-0.353,331.150,0.142,0.339,60.386,14.000
331,Isle of Normandy,1797.773,881.249,1642.496,1737.923,0.035,72.612,0.041,0.014,144.235,55.000
332,Wellington-Harrington,2241.125,1337.498,1186.247,1794.971,0.231,56.485,0.029,0.629,62.303,40.000
333,Mount Vernon Square,3368.268,1702.497,821.248,2930.414,0.207,200.466,0.094,0.157,118.056,28.000
334,South Central Beach,2455.111,637.916,1885.829,2222.616,0.147,42.015,0.025,0.360,108.371,63.000
335,The Port - Area 4,2429.013,1398.331,1125.414,2148.572,0.143,111.414,0.056,0.153,112.090,38.000
336,Ukrainian Village,1574.773,1550.414,973.331,1307.397,0.131,62.727,0.030,0.374,49.161,33.000
337,Downtown,2913.739,1215.831,1307.914,2854.031,0.032,99.147,0.052,0.009,129.987,44.000
338,Victoria Park,2047.188,1824.163,699.582,934.685,0.512,216.509,0.099,0.548,97.896,24.000
339,Core-Columbia,2611.431,1002.915,1520.830,2555.846,0.032,87.148,0.048,0.009,150.128,51.000
340,West End,3846.479,1094.165,1429.580,3915.949,-0.038,65.643,0.035,0.025,101.002,48.000
341,North Capitol Hill,2014.882,2037.079,486.666,3411.064,-0.612,485.115,0.212,0.357,122.509,17.000
342,South Semoran,827.281,820.415,1703.330,673.585,0.092,10.094,0.006,0.821,21.462,57.000
343,Cherry Creek,2978.190,1915.413,608.332,3311.922,-0.150,413.269,0.186,0.033,148.969,21.000
344,Secret Cove,1132.688,2067.496,456.249,790.619,0.149,112.743,0.049,0.398,25.718,16.000
345,Business District,2500.794,1002.915,1520.830,1844.158,0.372,50.532,0.028,0.786,87.051,51.000
346,Pearl District,2957.654,2158.746,364.999,-155.085,1.330,1286.181,0.549,0.348,207.116,13.000
347,Zilker,2239.679,1276.664,1247.081,1471.826,0.404,101.643,0.053,0.597,122.442,42.000
348,Beach,2068.779,1246.248,1277.497,1796.959,0.144,107.670,0.056,0.139,135.366,43.000
349,Lindbergh,1774.538,2158.746,364.999,607.473,0.498,330.279,0.141,0.532,53.185,13.000
350,Southside Slopes,1259.438,2067.496,456.249,1112.377,0.064,371.015,0.161,0.011,84.632,16.000
351,New Eastside,2866.492,577.083,1946.662,2614.471,0.163,41.669,0.025,0.397,114.243,65.000
352,Binz,2278.022,1854.580,669.165,3318.922,-0.475,235.434,0.107,0.484,99.015,23.000
353,Southmoor Park,1602.152,1854.580,669.165,1112.994,0.223,94.442,0.043,0.563,39.719,23.000
354,Union Station,2885.688,1580.830,942.915,2625.492,0.127,189.022,0.091,0.060,140.367,32.000
355,Elizabeth,1589.708,2189.162,334.583,1471.197,0.050,322.896,0.137,0.013,45.453,12.000
356,Rancho San Joaquin,2051.875,2189.162,334.583,3100.871,-0.445,437.423,0.185,0.366,61.574,12.000
357,Downtown West,1386.522,1854.580,669.165,1179.920,0.094,126.193,0.057,0.114,53.072,23.000
358,North Loop,2268.757,1489.581,1034.164,2042.094,0.113,92.257,0.045,0.158,80.198,35.000
359,South Pointe,4723.611,2006.663,517.082,6466.301,-0.769,822.189,0.362,0.220,228.557,18.000
360,Fulton River District,2671.815,577.083,1946.662,2405.935,0.171,39.699,0.024,0.447,108.842,65.000
361,Goose Island,3164.857,2128.329,395.416,1773.392,0.598,495.523,0.213,0.397,90.359,14.000
362,Yerba Buena,4866.458,2189.162,334.583,6683.950,-0.771,611.186,0.259,0.470,86.034,12.000
363,Downtown,2319.167,1185.415,1338.330,1956.484,0.196,77.800,0.041,0.346,106.282,45.000
364,Irvine Health and Science Complex,2502.742,1611.247,912.498,1933.951,0.275,97.443,0.047,0.544,68.459,31.000
365,Eisenhower East,2443.120,1793.747,729.998,2676.238,-0.108,151.888,0.070,0.094,73.632,25.000
366,Columbia Street Waterfront District,3111.111,2006.663,517.082,3026.570,0.037,537.696,0.237,0.002,149.472,18.000
367,Wrigleyville,1856.161,1702.497,821.248,1718.936,0.065,106.976,0.050,0.060,62.999,28.000
368,Central Business District,1843.426,1124.581,1399.164,1395.798,0.245,65.845,0.035,0.519,97.444,47.000
369,Downtown,2470.448,789.999,1733.746,2344.611,0.076,53.396,0.031,0.098,117.382,58.000
370,Downtown,4073.492,637.916,1885.829,3553.610,0.329,66.770,0.040,0.527,172.223,63.000
371,Potomac Yard-Potomac Greens,2613.250,2189.162,334.583,2665.530,-0.022,211.720,0.090,0.006,29.803,12.000
372,Downtown,2166.458,2189.162,334.583,2440.728,-0.116,299.303,0.127,0.078,42.132,12.000
373,Central Park,4246.212,546.666,1977.079,3132.317,0.726,45.665,0.028,0.914,129.003,66.000
374,DUMBO,4947.875,729.166,1794.579,3780.705,0.718,73.516,0.043,0.828,172.506,60.000
375,The Strip,2443.875,2189.162,334.583,2483.018,-0.017,688.054,0.292,0.000,96.855,12.000
376,Central Beach Alliance,2334.111,2006.663,517.082,1422.763,0.402,514.280,0.226,0.165,142.963,18.000
377,Spectrum,2299.048,1915.413,608.332,1353.010,0.426,190.083,0.085,0.568,68.518,21.000
378,River West,2595.444,1185.415,1338.330,2679.521,-0.045,109.071,0.058,0.014,149.000,45.000
379,Downtown,2237.062,2067.496,456.249,2348.718,-0.049,374.148,0.163,0.006,85.347,16.000
380,Roscoe Village,1660.291,1246.248,1277.497,1445.838,0.114,57.946,0.030,0.258,72.852,43.000
381,Old Town Manchester,1140.500,2189.162,334.583,809.751,0.140,461.773,0.196,0.049,65.002,12.000
382,Cambridge Highlands,3174.531,2067.496,456.249,1097.980,0.905,476.129,0.207,0.577,108.610,16.000
383,Singer Island,3037.621,668.332,1855.413,2037.974,0.626,118.006,0.070,0.572,295.052,62.000
384,Alafaya,1130.312,850.832,1672.913,951.294,0.106,21.663,0.012,0.578,44.533,56.000
385,Spruce Hill,1409.559,2037.079,486.666,792.597,0.271,153.359,0.067,0.520,38.729,17.000
386,Near Eastside,616.176,1002.915,1520.830,529.690,0.049,13.353,0.007,0.477,23.003,51.000
387,Logan Square,2370.925,942.082,1581.663,1912.394,0.265,57.330,0.032,0.574,106.167,53.000
388,Rittenhouse,2412.675,1337.498,1186.247,2626.392,-0.111,102.421,0.052,0.106,112.970,40.000
389,Graduate Hospital,1864.886,1884.996,638.749,2314.720,-0.204,267.401,0.121,0.125,104.287,22.000
