,latest_sqft,latest_zhvi,mean_price,mean_price_err,mean_stars,mean_stars_err,n,z_hood,loop_i,state,county,city,neighborhood,lon,lat,lon_width,lat_width,bbox_area
0,155.0,370500.0,,,4.125,0.369754986444,4,111394,360.0,AZ,Maricopa,Tempe,Alta Mira,-111.9068637,33.329349,0.0087405,0.010726,0.668305326759
1,133.0,212300.0,1.57872928177,0.0228845534111,3.67443729904,0.0283198695904,1244,111818,434.0,AZ,Maricopa,Phoenix,Deer Valley,-112.1238837,33.6884516,0.1588872,0.1266167,144.760082264
2,95.0,185400.0,1.49425287356,0.0560126705991,3.23255813953,0.0890708319992,129,112261,290.0,AZ,Maricopa,Phoenix,Laveen,-112.1688482,33.3633143,0.1053764,0.1100467,83.6039469965
3,96.0,134900.0,1.47202797203,0.0372137425037,3.34180138568,0.0504085361102,433,112345,340.0,AZ,Maricopa,Phoenix,Maryvale,-112.2163591,33.4921225,0.2159182,0.0606459,94.5975840039
4,165.0,286500.0,1.73481781377,0.0210983782402,3.80717488789,0.0223455000456,1784,112547,420.0,AZ,Maricopa,Phoenix,Paradise Valley,-111.9872308,33.6261558,0.1221863,0.1441661,126.007937084
5,222.0,425800.0,2.30303030303,0.0726162298895,3.65432098765,0.0561158221374,162,180250,3898.0,NC,Mecklenburg,Charlotte,Barclay Downs,-80.8366629,35.1628431,0.024218,0.0289022,2.12972771904
6,100.0,113300.0,1.88888888889,0.104756560176,4.15625,0.157611257827,16,180349,3900.0,NC,Mecklenburg,Charlotte,Belmont,-80.8204031,35.228117,0.0186724,0.013602,0.774143003077
7,79.0,137800.0,1.0,0.0,2.5,0.623609564462,3,182048,3899.0,NC,Mecklenburg,Charlotte,Hickory Grove,-80.7270789,35.2430705,0.021746,0.031075,2.08048075459
8,75.0,90100.0,1.72972972973,0.0985552956933,3.4552238806,0.11548195486,67,184371,3989.0,NC,Mecklenburg,Charlotte,Sterling,-80.882408,35.1023195,0.0285482,0.034751,3.00362628523
9,108.0,135400.0,1.7619047619,0.0929428640903,3.21666666667,0.146597205774,30,208110,5146.0,PA,Allegheny,Pittsburgh,Banksville,-80.0403643,40.4119338,0.0213757,0.0259435,1.83255590611
10,63.0,83900.0,1.45,0.131814263265,3.73214285714,0.182950141769,28,208228,5107.0,PA,Allegheny,Pittsburgh,Beechview,-80.0235205,40.4136118,0.0269794,0.0329465,2.94222801739
11,96.0,150500.0,1.46017699115,0.0501160033133,3.78231292517,0.0621747917921,147,208472,5102.0,PA,Allegheny,Pittsburgh,Bloomfield,-79.9465342,40.4593887,0.0228596,0.0135841,1.03571124475
12,80.0,105700.0,1.54838709677,0.0893811499334,3.85,0.113468057179,40,208709,5169.0,PA,Allegheny,Pittsburgh,Brookline,-80.0141702,40.3969137,0.0337763,0.0322497,3.60890316569
13,50.0,70400.0,1.66666666667,0.12171612389,3.47222222222,0.267799164148,18,208967,5124.0,PA,Allegheny,Pittsburgh,Carrick,-79.9868068,40.3939167,0.0278586,0.0288193,2.66720589533
14,101.0,130600.0,3.4,0.219089023002,4.0,0.342326598441,8,210000,5227.0,PA,Allegheny,Pittsburgh,Duquesne Heights,-80.0253907,40.4344438,0.0153845,0.0183895,0.936283740294
15,,,1.90196078431,0.100956220068,3.73456790123,0.108714348703,81,210081,5115.0,PA,Allegheny,Pittsburgh,East Liberty,-79.9249725,40.4653263,0.0185547,0.0161743,1.00308900546
16,38.0,54200.0,4.0,0.0,4.375,0.541265877365,4,210276,5105.0,PA,Allegheny,Pittsburgh,Elliott,-80.0377941,40.4445436,0.0201874,0.0175491,1.17099352898
17,104.0,144900.0,1.5,0.0980580675691,3.91463414634,0.146242282472,41,211218,5165.0,PA,Allegheny,Pittsburgh,Greenfield,-79.9390049,40.4245834,0.0265045,0.0114021,1.00870794995
18,34.0,54800.0,1.0,0.0,3.33333333333,0.360041149912,3,212283,5199.0,PA,Allegheny,Pittsburgh,Knoxville,-79.9926891,40.4128761,0.0091858,0.0113792,0.347048327936
19,64.0,105200.0,,,4.25,0.53033008589,2,212921,5158.0,PA,Allegheny,Pittsburgh,Manchester,-80.0250283,40.4563972,0.0123026,0.0114552,0.466411636707
20,97.0,150400.0,1.2,0.1788854382,4.0,0.20203050891,7,213494,5179.0,PA,Allegheny,Pittsburgh,Morningside,-79.925469,40.4815213,0.0247015,0.0183976,1.51887961979
21,60.0,88600.0,1.94117647059,0.131145976874,3.55952380952,0.130629885312,42,213615,5121.0,PA,Allegheny,Pittsburgh,Mount Washington,-80.0092144,40.4265106,0.0247002,0.0264353,2.16438985483
22,83.0,122400.0,1.40650406504,0.0457563956832,3.56164383562,0.065497935962,146,214069,5110.0,PA,Allegheny,Pittsburgh,Oakland,-79.9611807,40.434576,0.0245991,0.0171967,1.40888926238
23,67.0,84900.0,1.83333333333,0.495348736115,2.6875,0.394666591885,8,214217,5231.0,PA,Allegheny,Pittsburgh,Overbrook,-79.9959774,40.3847523,0.0234871,0.0216293,1.686132968
24,181.0,364200.0,1.71428571429,0.264520028506,3.84615384615,0.257345434651,13,214645,5112.0,PA,Allegheny,Pittsburgh,Point Breeze,-79.9073448,40.4460239,0.0284729,0.0159988,1.5252129814
25,,,2.06077348066,0.0536598897756,3.65106382979,0.0544759359439,235,215515,5168.0,PA,Allegheny,Pittsburgh,Shadyside,-79.9310179,40.4538898,0.0372906,0.013588,1.69261026147
26,40.0,62500.0,,,2.0,0.0,1,215587,5230.0,PA,Allegheny,Pittsburgh,Sheraden,-80.0561012,40.4552033,0.032116,0.01327,1.40611508225
27,101.0,134100.0,,,3.0,0.353553390593,2,215971,5097.0,PA,Allegheny,Pittsburgh,Stanton Heights,-79.9372082,40.4798908,0.0233727,0.0185623,1.44836626451
28,,,1.66901408451,0.0505100261739,3.89117647059,0.0574054856456,170,216117,5217.0,PA,Allegheny,Pittsburgh,Strip District,-79.9820267,40.4547043,0.027743,0.020924,1.9293771333
29,37.0,56600.0,1.57142857143,0.187043905917,3.5625,0.256744948831,8,216452,5140.0,PA,Allegheny,Pittsburgh,Troy Hill,-79.9845909,40.4620594,0.0183021,0.0192521,1.17081421534
30,,,1.85714285714,0.374087811833,3.94444444444,0.199450548412,9,216959,5167.0,PA,Allegheny,Pittsburgh,West End,-80.0325814,40.4372586,0.0126571,0.014347,0.600536569452
31,157.0,290800.0,1.80494505495,0.0342196879058,3.6992,0.037589772226,625,267900,407.0,AZ,Maricopa,Phoenix,Ahwatukee Foothills,-112.0603729,33.3303268,0.1828724,0.0802537,105.316473173
32,,,1.8,0.334664010614,3.82142857143,0.265379699374,14,267902,347.0,AZ,Maricopa,Tempe,Alegre Community,-111.9047779,33.4170385,0.008612,0.004435,0.27224454266
33,,,1.28571428571,0.120736322104,3.93181818182,0.155130758447,22,267904,428.0,AZ,Maricopa,Tempe,Bell De Mar Crossing,-111.93026,33.3565097,0.0035881,0.0145285,0.371986264384
34,,,1.75,0.216506350946,3.63636363636,0.315514201138,11,267906,261.0,AZ,Maricopa,Tempe,Broadmor,-111.9305804,33.4038235,0.008663,0.007363,0.455166968465
35,185.0,268000.0,1.7951907131,0.0203516458973,3.79747149232,0.0213275345237,2017,267908,265.0,AZ,Maricopa,Phoenix,Camelback East,-112.0024155,33.5014954,0.1262491,0.1300271,117.505834331
36,146.0,370400.0,,,3.5,0.0,1,267909,242.0,AZ,Maricopa,Tempe,Camelot Village,-111.9011554,33.3603165,0.014175,0.007167,0.724025254569
37,,,1.63035019455,0.0224518753279,3.65330882353,0.0284044899031,1360,267912,417.0,AZ,Maricopa,Phoenix,Central City,-112.0440226,33.4414507,0.1320452,0.0495742,46.9413466565
38,,,1.8,0.1788854382,2.9375,0.436941607941,8,267916,262.0,AZ,Maricopa,Tempe,Cyprus Southwest,-111.9210364,33.389323,0.010969,0.007258,0.567873888973
39,,,1.5,0.353553390593,4.8,0.109544511501,5,267917,392.0,AZ,Maricopa,Tempe,Daley Park,-111.9305657,33.4092019,0.0086295,0.0035397,0.217971360949
40,177.0,374400.0,1.91958041958,0.0381664377771,3.65603644647,0.0428016649318,439,267919,406.0,AZ,Maricopa,Phoenix,Desert View,-112.012965,33.7252293,0.17393,0.1673413,208.435903553
41,,,,,5.0,0.0,1,267923,294.0,AZ,Maricopa,Tempe,Duskfire,-111.9387653,33.345501,0.0034528,0.007474,0.184215513226
42,,,2.0,0.707106781187,4.6,0.3577708764,5,267925,327.0,AZ,Maricopa,Tempe,East Rio,-111.922192,33.442162,0.008614,0.003706,0.227719356895
43,169.0,212100.0,1.57641921397,0.0281164155794,3.77266666667,0.0352386067745,750,267926,441.0,AZ,Maricopa,Phoenix,Encanto,-112.0652727,33.4848141,0.0956545,0.038295,26.2919190983
44,,,1.875,0.372386727744,3.77777777778,0.261891400439,9,267927,298.0,AZ,Maricopa,Tempe,Escalante,-111.8846314,33.418461,0.014693,0.007486,0.783324777455
45,,,1.73333333333,0.148074055546,3.7,0.191833260933,25,267928,349.0,AZ,Maricopa,Tempe,Estate La Colina,-111.9067932,33.3381592,0.0087795,0.0070643,0.442118250331
46,,,2.5,0.353553390593,3.94444444444,0.253913133348,9,267929,324.0,AZ,Maricopa,Tempe,Evergreen,-111.8860794,33.3965922,0.011913,0.0072923,0.618720569297
47,166.0,238900.0,1.09090909091,0.0866784172041,4.16666666667,0.167774098562,15,267931,330.0,AZ,Maricopa,Tempe,Gililland,-111.9565467,33.4182138,0.0087465,0.0074204,0.463658018032
48,171.0,239400.0,1.25,0.139754248594,3.59090909091,0.219495014995,22,267932,284.0,AZ,Maricopa,Tempe,Holdeman,-111.9564914,33.4109885,0.008679,0.0072089,0.446965298864
49,,,1.42857142857,0.187043905917,3.72727272727,0.290081467352,11,267933,350.0,AZ,Maricopa,Tempe,Hudson Manor,-111.9136634,33.412913,0.009191,0.00385,0.252320476395
50,158.0,251800.0,1.53333333333,0.128812237744,3.76086956522,0.153317335319,23,267934,343.0,AZ,Maricopa,Tempe,Hughes Acres,-111.9208129,33.4038829,0.010944,0.0074182,0.579079662218
51,,,1.61538461538,0.256015475181,3.14705882353,0.302139733371,17,267936,260.0,AZ,Maricopa,Tempe,Jen Tilly Terrace,-111.9216539,33.412899,0.00923,0.003896,0.256507566484
52,160.0,216600.0,1.60975609756,0.0761823228725,3.71,0.136447792214,50,267937,440.0,AZ,Maricopa,Tempe,Kiwanis Park,-111.9339754,33.370995,0.010787,0.014542,1.11953158141
53,,,1.0,0.0,2.75,0.375,4,267940,357.0,AZ,Maricopa,Tempe,Lindon Park,-111.9631622,33.4240176,0.0044845,0.0041872,0.134183233971
54,,,1.62068965517,0.132781396196,3.62820512821,0.136546525244,39,267942,355.0,AZ,Maricopa,Tempe,Mach 8,-111.9392119,33.396476,0.008646,0.007332,0.452530416937
55,,,1.65217391304,0.116805230289,3.79032258065,0.126536742141,31,267944,248.0,AZ,Maricopa,Tempe,McClintock,-111.9048289,33.396598,0.008598,0.00728,0.44616070559
56,151.0,225800.0,1.61363636364,0.0975733941332,3.64655172414,0.105587522156,58,267946,311.0,AZ,Maricopa,Tempe,Meyer Park,-111.9133974,33.4002675,0.008617,0.014649,0.90009439304
57,,,2.0,0.0,4.5,0.353553390593,2,267950,335.0,AZ,Maricopa,Tempe,Mitchell Park East,-111.8885317,33.403899,0.0069685,0.007358,0.365219739601
58,,,1.64705882353,0.115904043076,4.05,0.0858778201866,20,267951,419.0,AZ,Maricopa,Tempe,Mitchell Park West,-111.9497299,33.4182525,0.004944,0.0073191,0.258430703378
59,136.0,341200.0,1.7037037037,0.0853847486471,3.71153846154,0.0926506818071,104,267954,351.0,AZ,Maricopa,Phoenix,North Gateway,-112.1457039,33.7843999,0.1593377,0.1142198,131.079725571
60,116.0,173400.0,1.54615384615,0.0241844678316,3.65863636364,0.0299181798092,1100,267955,308.0,AZ,Maricopa,Phoenix,North Mountain,-112.100154,33.595215,0.1371283,0.08493,83.7171831248
61,,,1.5,0.353553390593,4.16666666667,0.490653381463,3,267964,246.0,AZ,Maricopa,Tempe,Peterson Park,-111.9642218,33.3948435,0.0070534,0.0041089,0.207111646674
62,,,1.7,0.144913767462,3.875,0.289425916447,12,267968,378.0,AZ,Maricopa,Tempe,Sandahl,-111.9240979,33.345572,0.008736,0.007364,0.458935830275
63,,,2.0,0.0,4.21428571429,0.200218539493,14,267970,388.0,AZ,Maricopa,Tempe,Shalimar,-111.896295,33.3965985,0.008558,0.007261,0.442761969484
64,102.0,145100.0,1.55020080321,0.0384416214709,3.46280087527,0.0505118719149,457,267971,283.0,AZ,Maricopa,Phoenix,South Mountain,-112.0429182,33.3800854,0.1495636,0.1092692,117.187160411
65,,,1.42857142857,0.187043905917,3.875,0.213478140957,12,267972,423.0,AZ,Maricopa,Tempe,Sunburst Farms,-111.9156149,33.3454462,0.008864,0.0075097,0.474698767736
66,,,3.0,0.707106781187,4.125,0.32874445496,12,267973,239.0,AZ,Maricopa,Tempe,Superstition,-111.9285236,33.3893001,0.0044253,0.0072899,0.230182968832
67,,,1.0,0.0,3.0,0.0,1,267974,380.0,AZ,Maricopa,Tempe,Tally Ho Farms,-111.9294306,33.3310753,0.0065435,0.0075135,0.350815176511
68,,,2.0,0.0,5.0,0.0,1,267975,403.0,AZ,Maricopa,Tempe,Tally Ho Farms North,-111.9305571,33.3382775,0.0042843,0.007333,0.22418613155
69,147.0,243100.0,1.66666666667,0.215165741456,4.22857142857,0.155632818981,35,267977,245.0,AZ,Maricopa,Tempe,Tempe Gardens,-111.9350819,33.389273,0.008988,0.007272,0.46649747199
70,142.0,238200.0,,,2.0,0.0,2,267978,443.0,AZ,Maricopa,Tempe,Tempe Royal Estates,-111.9515234,33.3589645,0.011389,0.009495,0.772364419914
71,,,1.5,0.353553390593,4.0,0.235702260396,3,267979,433.0,AZ,Maricopa,Tempe,University Estates,-111.937372,33.4091902,0.0049882,0.0035871,0.127721145695
72,,,1.25,0.153093108924,3.75,0.247487373415,10,267980,299.0,AZ,Maricopa,Tempe,University Heights,-111.9133884,33.41661,0.008641,0.003566,0.219719783606
73,,,1.61111111111,0.139197188689,3.54761904762,0.20176309581,21,267981,269.0,AZ,Maricopa,Tempe,University Park,-111.933088,33.4129765,0.0136782,0.004051,0.395444939848
74,,,1.66666666667,0.157134840264,3.73076923077,0.300961892924,13,267983,394.0,AZ,Maricopa,Tempe,Warner Estates,-111.9155854,33.3382544,0.008845,0.0072668,0.458359522134
75,,,1.44444444444,0.165634665,3.625,0.301184006142,12,267985,442.0,AZ,Maricopa,Tempe,Wood Park,-111.9569314,33.3710035,0.012359,0.014673,1.29552451939
76,267.0,358400.0,1.9741697417,0.0405600671912,3.84104046243,0.0419082345397,346,270312,4051.0,NC,Mecklenburg,Charlotte,Dilworth,-80.8500784,35.2083177,0.032279,0.0270631,2.65412674583
77,278.0,283800.0,1.70078740157,0.0613111950319,3.58,0.0679447554703,175,270315,3976.0,NC,Mecklenburg,Charlotte,Fourth Ward,-80.8405721,35.2317426,0.0155097,0.0101848,0.480426651369
78,295.0,820500.0,2.23684210526,0.101472609505,4.0,0.113990999751,53,270317,4044.0,NC,Mecklenburg,Charlotte,Myers Park,-80.8273854,35.1827774,0.038301,0.0558448,6.51453521551
79,221.0,248900.0,1.76470588235,0.156284979801,3.42592592593,0.175102759765,27,270327,3981.0,NC,Mecklenburg,Charlotte,Third Ward,-80.8501849,35.234597,0.019234,0.01322,0.772538462973
80,121.0,238600.0,1.77319587629,0.0736304142879,3.52985074627,0.0650861358898,268,270622,4428.0,NV,Clark,Las Vegas,Desert Shores,-115.2634637,36.207269,0.0379065,0.0227166,7.0216504297
81,,,1.85860655738,0.0306175145009,3.76928783383,0.0340398333044,674,270628,4444.0,NV,Clark,Las Vegas,Downtown,-115.1426462,36.1672389,0.0354542,0.0168425,4.8474190954
82,137.0,269800.0,1.88839285714,0.0428687255155,3.90643274854,0.0471935484028,342,270764,4424.0,NV,Clark,Las Vegas,The Lakes,-115.2973624,36.149845,0.0368282,0.0405466,12.1916127804
83,68.0,107100.0,1.5,0.176776695297,3.95,0.259326049598,10,271156,5099.0,PA,Allegheny,Pittsburgh,Brighton Heights,-80.0384837,40.4815884,0.026785,0.0196457,1.73919650853
84,208.0,251800.0,1.77678571429,0.0406180689809,3.61978021978,0.0398173573246,455,271161,5120.0,PA,Allegheny,Pittsburgh,Central Business District,-79.9991473,40.4406616,0.0282056,0.0134715,1.26076757394
85,96.0,167000.0,1.47368421053,0.114548881596,4.22916666667,0.121403706507,24,271162,5149.0,PA,Allegheny,Pittsburgh,Central Northside,-80.0107899,40.4571724,0.0186235,0.0081367,0.502218377889
86,,,1.63636363636,0.193818833051,3.71428571429,0.209121444203,21,271165,5219.0,PA,Allegheny,Pittsburgh,Chateau,-80.0261967,40.4533313,0.0195074,0.0174212,1.12459692397
87,63.0,112100.0,1.52173913043,0.135685130018,3.68518518519,0.131333114381,27,271169,5154.0,PA,Allegheny,Pittsburgh,East Allegheny,-79.9969969,40.4557839,0.011301,0.010288,0.38585487078
88,37.0,46800.0,2.0,0.0,3.5,0.707106781187,2,271172,5193.0,PA,Allegheny,Pittsburgh,East Hills,-79.8757877,40.4553223,0.0203438,0.012722,0.869241720116
89,,,2.0,0.0,3.75,0.176776695297,2,271176,5091.0,PA,Allegheny,Pittsburgh,Fairywood,-80.0820226,40.4499305,0.0271267,0.020265,1.80904702072
90,,,1.8,0.334664010614,3.42857142857,0.356120987074,7,271179,5181.0,PA,Allegheny,Pittsburgh,Friendship,-79.9338636,40.4606552,0.0063648,0.0082207,0.17473267752
91,,,2.0,0.0,3.25,0.53033008589,2,271184,5161.0,PA,Allegheny,Pittsburgh,Herrs Island,-79.9770586,40.4652595,0.009063,0.0100519,0.302936959333
92,31.0,49200.0,,,3.25,0.53033008589,2,271185,5141.0,PA,Allegheny,Pittsburgh,Homewood North,-79.8893957,40.4598694,0.0234776,0.0096321,0.758489775871
93,33.0,,2.0,0.0,4.0,0.0,2,271186,5237.0,PA,Allegheny,Pittsburgh,Homewood South,-79.8947248,40.4527206,0.021265,0.01157,0.824797253843
94,,,1.5,0.353553390593,4.07142857143,0.235358420299,7,271187,5163.0,PA,Allegheny,Pittsburgh,Homewood West,-79.9043198,40.4595795,0.0105782,0.009388,0.332602139388
95,76.0,111800.0,1.875,0.080525617042,4.06481481481,0.0989019760867,54,271192,5198.0,PA,Allegheny,Pittsburgh,Lower Lawrenceville,-79.962965,40.4661801,0.0201378,0.0119615,0.802109740983
96,53.0,72700.0,1.5,0.353553390593,4.0,0.316227766017,5,271194,5190.0,PA,Allegheny,Pittsburgh,Middle Hill,-79.97336,40.4481198,0.0181579,0.0101579,0.613564562357
97,,,2.18518518519,0.117554377425,3.55,0.129663024799,40,271199,5228.0,PA,Allegheny,Pittsburgh,North Shore,-80.0050519,40.4491025,0.0264724,0.009468,0.831153850694
98,57.0,87500.0,1.5,0.353553390593,3.625,0.480071609242,4,271206,5111.0,PA,Allegheny,Pittsburgh,Perry North,-80.0177566,40.4865055,0.0206239,0.0235596,1.60924353053
99,38.0,61700.0,1.0,0.0,4.4,0.219089023002,5,271207,5175.0,PA,Allegheny,Pittsburgh,Perry South,-80.0139961,40.4682766,0.0236549,0.0178117,1.39595518251
100,,,1.33333333333,0.272165526976,4.22222222222,0.194223860772,9,271208,5185.0,PA,Allegheny,Pittsburgh,Point Breeze North,-79.9022436,40.4515629,0.0202579,0.0102158,0.693258760434
101,,,1.25,0.153093108924,4.22727272727,0.162160470003,11,271209,5226.0,PA,Allegheny,Pittsburgh,Polish Hill,-79.9653638,40.4570824,0.019633,0.0083779,0.547589636493
102,,,1.8,0.1788854382,3.92857142857,0.235358420299,7,271211,5221.0,PA,Allegheny,Pittsburgh,Regent Square,-79.8968572,40.4331287,0.0094106,0.0133293,0.420419076888
103,,,2.11764705882,0.108183378553,3.33333333333,0.114395890455,45,271216,5118.0,PA,Allegheny,Pittsburgh,South Shore,-80.0130377,40.4371722,0.0307064,0.0158828,1.61600319461
104,131.0,211600.0,1.78225806452,0.0456628854444,3.69155844156,0.0477943750334,308,271217,5135.0,PA,Allegheny,Pittsburgh,Southside Flats,-79.9767452,40.4218815,0.0444611,0.0218369,3.22861859467
105,72.0,95600.0,2.25,0.414578098794,3.92857142857,0.157420904291,7,271218,5159.0,PA,Allegheny,Pittsburgh,Southside Slopes,-79.9804183,40.4235018,0.0378324,0.0128018,1.60998911353
106,210.0,542000.0,1.83333333333,0.159571184626,3.77551020408,0.119052577196,49,271219,5235.0,PA,Allegheny,Pittsburgh,Squirrel Hill North,-79.9303617,40.4452209,0.0378628,0.0153389,1.9401576157
107,162.0,286800.0,1.67625899281,0.0549932380654,3.69889502762,0.0616064906982,181,271220,5098.0,PA,Allegheny,Pittsburgh,Squirrel Hill South,-79.9243692,40.4265476,0.0519918,0.0298433,5.18641733694
108,59.0,81400.0,2.0,0.0,4.16666666667,0.490653381463,3,271226,5208.0,PA,Allegheny,Pittsburgh,Upper Hill,-79.9600477,40.4535179,0.0119189,0.0103798,0.412084426297
109,56.0,73700.0,1.75757575758,0.12144147264,4.11904761905,0.10622560252,42,271227,5204.0,PA,Allegheny,Pittsburgh,Upper Lawrenceville,-79.9486703,40.4837736,0.0228137,0.0129307,0.983706678776
110,58.0,81900.0,2.0,0.0,3.33333333333,0.360041149912,3,271231,5220.0,PA,Allegheny,Pittsburgh,West Oakland,-79.9675684,40.4405613,0.0202847,0.008194,0.553227147189
111,188.0,247500.0,1.73913043478,0.153317335319,3.90277777778,0.156913030834,36,272039,6896.0,WI,Dane,Madison,Bay Creek,-89.3909553,43.0544456,0.0262569,0.0110604,0.0589806413185
112,,,,,3.0,0.0,1,272041,6721.0,WI,Dane,Madison,Berkley Oaks,-89.3561628,43.1295383,0.0146982,0.0136555,0.0430916279129
113,123.0,177700.0,1.66666666667,0.18053418677,2.97058823529,0.214002022091,17,272044,6852.0,WI,Dane,Madison,Bluff Acres,-89.3058381,43.1349104,0.0196927,0.0159934,0.0729038438494
114,,,1.4,0.219089023002,3.83333333333,0.152145154863,6,272047,6908.0,WI,Dane,Madison,Bram's Addition,-89.3916528,43.0427444,0.0048878,0.0131956,0.0130839880537
115,,,,,1.5,0.0,1,272054,6892.0,WI,Dane,Madison,Burke Heights,-89.3092314,43.1102629,0.0165739,0.0076624,0.0292526907134
116,,,1.11111111111,0.104756560176,4.22727272727,0.162160470003,11,272056,6837.0,WI,Dane,Madison,Burr Oaks,-89.4002924,43.0422292,0.0127627,0.0153341,0.0391369240534
117,243.0,204800.0,1.74468085106,0.0342932661037,3.70512820513,0.0347647707203,507,272060,6833.0,WI,Dane,Madison,Capitol,-89.3879779,43.0728594,0.0259625,0.0178793,0.0947349171947
118,249.0,371300.0,1.77272727273,0.110067938858,3.81428571429,0.145806293481,35,272081,6859.0,WI,Dane,Madison,Dudgeon-Monroe,-89.4280094,43.0594774,0.0304595,0.016661,0.0967965160342
119,,,1.25,0.216506350946,3.6,0.260768096208,5,272082,6912.0,WI,Dane,Madison,Dunn's Marsh,-89.4523428,43.0303325,0.0175363,0.0130324,0.0417367638922
120,143.0,150800.0,1.27777777778,0.10557179862,3.79545454545,0.199842631551,22,272087,6945.0,WI,Dane,Madison,Eken Park,-89.3465995,43.1069495,0.0161883,0.0135234,0.0476992338102
121,138.0,190200.0,1.0,0.0,3.625,0.621867148192,4,272124,6898.0,WI,Dane,Madison,Heistand,-89.3011814,43.1024545,0.0306033,0.0080771,0.0576012126076
122,158.0,181500.0,1.0,0.0,4.0,0.707106781187,2,272187,6855.0,WI,Dane,Madison,Moorland-Rimrock,-89.3681003,43.0346621,0.0289503,0.0183483,0.11192895743
123,,,2.0,0.0,3.14285714286,0.261750108947,7,272198,6737.0,WI,Dane,Madison,Norman Acres,-89.3120631,43.1258918,0.007726,0.0063439,0.0112435491216
124,240.0,416700.0,1.64,0.137171425596,3.5,0.173131423479,28,272223,6730.0,WI,Dane,Madison,Regent,-89.4250993,43.0674341,0.0223635,0.0134895,0.0578329561906
125,144.0,213800.0,1.0,0.0,3.25,0.176776695297,2,272226,6664.0,WI,Dane,Madison,Ridgewood,-89.293339,43.1139642,0.0155657,0.0148226,0.054368502746
126,150.0,175600.0,1.83333333333,0.280541803843,3.0,0.33502969713,7,272232,6829.0,WI,Dane,Madison,Rolling Meadows,-89.306147,43.0915219,0.0193449,0.0147394,0.0659716527739
127,200.0,267100.0,2.0,0.0,4.25,0.53033008589,2,272239,6919.0,WI,Dane,Madison,Schenk-Atwood,-89.3459096,43.0932573,0.0268044,0.0094883,0.0554724130062
128,147.0,157200.0,1.73333333333,0.148074055546,3.54761904762,0.210023111526,21,272243,6739.0,WI,Dane,Madison,Sherman,-89.3600824,43.118774,0.0100883,0.0239085,0.051468267758
129,,,1.66666666667,0.127656947701,3.61627906977,0.119532631983,43,272252,6740.0,WI,Dane,Madison,South Campus,-89.4066673,43.0705201,0.0122247,0.0057228,0.0138417665303
130,220.0,276900.0,1.75,0.414578098794,3.28571428571,0.300631017605,7,272263,6850.0,WI,Dane,Madison,Sunset Village,-89.4469709,43.0680152,0.01336,0.0145367,0.0358152297946
131,,,1.42857142857,0.27532117476,3.25,0.253448438762,12,272295,6915.0,WI,Dane,Madison,Westchester Gardens,-89.3179037,43.1316474,0.0148686,0.0296349,0.100222026532
132,206.0,279800.0,1.42857142857,0.187043905917,4.1,0.197484176581,10,272297,6705.0,WI,Dane,Madison,Westmorland,-89.4445669,43.0536062,0.013163,0.0144297,0.0351796369792
133,,,1.0,0.0,4.0,0.707106781187,2,272309,6768.0,WI,Dane,Madison,Worthington Park,-89.3361991,43.1032331,0.0111596,0.0068514,0.0169242835119
134,103.0,150600.0,1.59471365639,0.0307919205344,3.74508519004,0.0352691869191,763,272734,333.0,AZ,Maricopa,Phoenix,Alahambra,-112.1091,33.515325,0.0884,0.0757699,48.166196581
135,,,,,4.5,0.353553390593,2,272736,229.0,AZ,Maricopa,Tempe,Alameda-Campus,-111.9305834,33.398383,0.008641,0.003678,0.226789743659
136,,,1.5,0.133630620956,3.97368421053,0.172458530928,19,272749,5194.0,PA,Allegheny,Pittsburgh,Allegheny West,-80.0140238,40.4513226,0.0108089,0.0053177,0.190436035892
137,33.0,,1.66666666667,0.451335466924,4.11111111111,0.245675910397,9,272753,5119.0,PA,Allegheny,Pittsburgh,Allentown,-79.9959259,40.4236183,0.0164185,0.0107079,0.583525666378
138,114.0,165200.0,1.92405063291,0.0510617157378,3.86462882096,0.0549426708275,229,272770,4448.0,NV,Clark,Las Vegas,Angel Park Lindell,-115.2756389,36.1687325,0.031586,0.0194295,5.0064968486
139,176.0,356000.0,1.84210526316,0.0836546751831,3.77631578947,0.140114427442,38,272773,4417.0,NV,Clark,Henderson,Anthem,-115.0971949,35.9530883,0.0524499,0.0622355,26.4535712324
140,189.0,318500.0,2.0,0.0,3.83333333333,0.561083607687,6,272809,3904.0,NC,Mecklenburg,Charlotte,Ashbrook-Clawson Village,-80.8585434,35.182427,0.015061,0.02071,0.94680252371
141,72.0,76000.0,1.36363636364,0.121039822445,3.39705882353,0.156711738879,34,272812,3917.0,NC,Mecklenburg,Charlotte,Ashley Park,-80.8822453,35.2355324,0.0312607,0.0245252,2.32123340981
142,80.0,175500.0,1.72727272727,0.0885836649632,3.4756097561,0.126678169271,41,272837,3959.0,NC,Mecklenburg,Charlotte,Back Creek Church Road,-80.7414409,35.292221,0.037066,0.02743,3.12541313109
143,139.0,387800.0,1.77551020408,0.0829752155729,3.64383561644,0.106320897468,73,272848,3963.0,NC,Mecklenburg,Charlotte,Ballantyne East,-80.8322749,35.0511099,0.036216,0.0290498,3.20261458114
144,124.0,234900.0,1.81333333333,0.0722792936898,3.45454545455,0.0914938848266,99,272849,3944.0,NC,Mecklenburg,Charlotte,Ballantyne West,-80.8555475,35.0419125,0.0423632,0.049997,6.43130721247
145,,,2.0,0.0,3.42857142857,0.370170554025,7,272864,268.0,AZ,Maricopa,Tempe,Baseline-Hardy,-111.9525129,33.3828275,0.018128,0.009257,1.19861708048
146,77.0,119600.0,1.2,0.1788854382,3.16666666667,0.400616808385,9,272894,4055.0,NC,Mecklenburg,Charlotte,Beatties Ford-Trinity,-80.8519289,35.320346,0.026256,0.030764,2.45362570261
147,84.0,128100.0,1.5,0.133630620956,3.0625,0.241556638027,16,272900,4034.0,NC,Mecklenburg,Charlotte,Becton Park,-80.7023574,35.2020865,0.043227,0.019117,2.55090434761
148,191.0,409400.0,1.9,0.098319208025,3.61627906977,0.142257554519,43,272954,3941.0,NC,Mecklenburg,Charlotte,Beverly Woods,-80.8432699,35.134573,0.024728,0.033954,2.5528438973
149,99.0,94000.0,,,3.5,0.353553390593,2,272956,4004.0,NC,Mecklenburg,Charlotte,Biddleville,-80.8584494,35.244407,0.015573,0.016842,0.79615179205
150,130.0,212300.0,1.51612903226,0.110537121539,3.52040816327,0.142096505381,49,272970,4435.0,NV,Clark,Henderson,Black Mountain,-114.9810015,36.0202597,0.055153,0.0169053,7.52329641817
151,,,1.66666666667,0.272165526976,3.16666666667,0.136082763488,3,272998,5215.0,PA,Allegheny,Pittsburgh,Bon Air,-80.0030006,40.4078362,0.0148347,0.0125008,0.615084305733
152,,,1.33333333333,0.157134840264,3.46666666667,0.334885276099,15,273027,267.0,AZ,Maricopa,Tempe,Brentwood-Cavalier,-111.9306059,33.3947281,0.00863,0.0036823,0.226766066769
153,160.0,208300.0,1.64705882353,0.202769347045,3.30434782609,0.247366336393,23,273029,4068.0,NC,Mecklenburg,Charlotte,Briarcreek-Woodland,-80.7909469,35.2100825,0.020444,0.016541,1.03401137188
154,,,1.66666666667,0.272165526976,4.22222222222,0.209513120352,9,273062,3980.0,NC,Mecklenburg,Charlotte,Brookhill,-80.8672689,35.207157,0.01381,0.008266,0.346181118963
155,117.0,252600.0,1.64705882353,0.0430389267944,3.84004474273,0.0472090499658,447,273086,4453.0,NV,Clark,Las Vegas,Buffalo,-115.2430433,36.1514428,0.0744719,0.0155737,9.4501410275
156,128.0,292000.0,1.82608695652,0.100135520893,3.76470588235,0.144440356157,34,273138,3934.0,NC,Mecklenburg,Charlotte,Carmel,-80.8389379,35.1026875,0.030024,0.034711,3.17017808777
157,120.0,218200.0,1.70614035088,0.0370377541873,3.58547008547,0.0494641292973,351,273177,4452.0,NV,Clark,Las Vegas,Centennial Hills,-115.2729909,36.2771718,0.0662142,0.0590638,31.9012459672
158,,,1.69406392694,0.0475636663012,3.71212121212,0.053180651003,363,273185,370.0,AZ,Maricopa,Mesa,Central,-111.7652413,33.4079609,0.0798954,0.0588238,33.2963502924
159,240.0,294100.0,,,4.5,0.306186217848,4,273215,3960.0,NC,Mecklenburg,Charlotte,Chantilly,-80.8084264,35.211573,0.014515,0.012768,0.565613274615
160,188.0,219300.0,1.74193548387,0.101679363166,3.78409090909,0.116329148912,44,273228,3948.0,NC,Mecklenburg,Charlotte,Cherry,-80.8312864,35.210649,0.009687,0.011518,0.339683038832
161,58.0,67400.0,1.8,0.1788854382,3.58333333333,0.361644904619,6,273270,3971.0,NC,Mecklenburg,Charlotte,Clanton Park-Roseland,-80.8919029,35.193464,0.0343083,0.03698,3.83722514172
162,,,1.75,0.216506350946,3.5,0.37267799625,6,273274,4437.0,NV,Clark,Henderson,Clark County,-115.0038879,36.0448699,0.0309206,0.0232868,5.81495047657
163,,,1.4,0.219089023002,4.0,0.314269680527,9,273275,372.0,AZ,Maricopa,Tempe,Clark Park,-111.9456639,33.4110168,0.00442,0.0073296,0.231331102637
164,159.0,261700.0,1.44,0.0992773891679,3.46052631579,0.134676151714,38,273290,3924.0,NC,Mecklenburg,Charlotte,Closeburn-Glenkirk,-80.8594724,35.1545175,0.035577,0.020811,2.24721181776
165,,,1.4,0.219089023002,3.78125,0.165174800874,16,273302,3932.0,NC,Mecklenburg,Charlotte,Coliseum Drive,-80.7994814,35.205411,0.016651,0.010168,0.517218849485
166,183.0,229000.0,1.52631578947,0.155569208666,3.83823529412,0.109498282197,34,273317,3942.0,NC,Mecklenburg,Charlotte,Collingwood,-80.8695897,35.1806765,0.0197945,0.016331,0.980081447295
167,,,1.16666666667,0.152145154863,3.54545454545,0.276149329696,11,273326,3909.0,NC,Mecklenburg,Charlotte,Colonial Village,-80.8700924,35.1885895,0.011063,0.012589,0.422226310461
168,179.0,329100.0,1.80555555556,0.0947661550484,3.56382978723,0.10272103912,47,273357,3952.0,NC,Mecklenburg,Charlotte,Cotswold,-80.7951954,35.18278,0.037721,0.023068,2.65945190281
169,145.0,197000.0,1.33333333333,0.19245008973,4.0,0.141421356237,10,273366,3996.0,NC,Mecklenburg,Charlotte,Country Club Heights,-80.7880824,35.225542,0.027133,0.01986,1.64819517905
170,111.0,134100.0,,,4.25,0.53033008589,2,273391,5233.0,PA,Allegheny,Pittsburgh,Crawford Roberts,-79.9842091,40.4434463,0.0171394,0.0104392,0.594549719727
171,82.0,108100.0,1.96907216495,0.086810745208,3.85039370079,0.0699652891086,254,273421,4413.0,NV,Clark,Las Vegas,Cultural Corridor,-115.1321511,36.1784373,0.0425623,0.0201577,6.96198127294
172,171.0,243900.0,1.33333333333,0.19245008973,4.26315789474,0.183715202681,19,273435,314.0,AZ,Maricopa,Tempe,Dava-Lakeshore,-111.9159424,33.3529145,0.009533,0.007497,0.509669967168
173,88.0,148900.0,1.66666666667,0.544331053952,3.64285714286,0.29819671829,7,273438,4037.0,NC,Mecklenburg,Charlotte,Davis Lake-Eastfield,-80.8046832,35.3603075,0.0400925,0.048261,5.9076450589
174,334.0,381100.0,1.80263157895,0.0492554640984,3.61526946108,0.0437281702297,334,273505,4031.0,NC,Mecklenburg,Charlotte,Downtown Sharlotte,-80.852273,35.2223993,0.0397322,0.0188334,2.27296163309
175,79.0,75400.0,2.0,0.0,2.6,0.622896460096,5,273510,3992.0,NC,Mecklenburg,Charlotte,Druid Hills North,-80.8230129,35.266211,0.028246,0.02193,1.88751942126
176,91.0,154900.0,1.63194444444,0.0457981007024,3.57111111111,0.0607544699931,225,273548,4001.0,NC,Mecklenburg,Charlotte,East Forest,-80.7371619,35.1558885,0.078346,0.077819,18.750255203
177,,,1.52777777778,0.133137072635,3.60416666667,0.103898961559,120,273554,4425.0,NV,Clark,Las Vegas,East Las Vegas,-115.1026653,36.1736845,0.0453718,0.0296547,10.9061025992
178,324.0,998400.0,2.0,0.125,3.80769230769,0.13881174209,39,273581,3918.0,NC,Mecklenburg,Charlotte,Eastover,-80.8195684,35.1936415,0.015249,0.021855,1.01589681595
179,122.0,162100.0,1.43333333333,0.0904720132703,3.55714285714,0.129001548118,35,273589,3927.0,NC,Mecklenburg,Charlotte,Eastway-Sheffield Park,-80.7663589,35.207296,0.039624,0.016632,2.02045168429
180,,,2.0,0.0,3.70588235294,0.18158673721,17,273592,4026.0,NC,Mecklenburg,Charlotte,Echo Hills,-80.7949769,35.197688,0.024212,0.013258,0.981110464197
181,214.0,301700.0,1.70967741935,0.0706422073674,3.81851851852,0.0698042348615,135,273625,3962.0,NC,Mecklenburg,Charlotte,Elizabeth,-80.8202414,35.212166,0.024869,0.025168,1.90780016762
182,67.0,72900.0,1.28571428571,0.170746944191,3.25,0.467707173347,8,273643,3903.0,NC,Mecklenburg,Charlotte,Enderly Park,-80.8820214,35.245374,0.028653,0.024408,2.11748540421
183,93.0,162400.0,1.39795918367,0.0515074628107,3.31896551724,0.0934765148326,174,273652,289.0,AZ,Maricopa,Phoenix,Estrella,-112.1947252,33.4201184,0.1897697,0.0860632,117.877773406
184,69.0,102800.0,1.5,0.176776695297,3.07692307692,0.242314736443,13,273705,4053.0,NC,Mecklenburg,Charlotte,Farm Pond,-80.7318554,35.2158785,0.019035,0.027125,1.58881747245
185,55.0,81400.0,1.25,0.216506350946,2.9375,0.347282980795,8,273723,4057.0,NC,Mecklenburg,Charlotte,Firestone-Garden Park,-80.8740534,35.288261,0.039703,0.037804,4.54836527628
186,235.0,225600.0,2.02898550725,0.0793033479807,3.75757575758,0.0729666502307,99,273727,3987.0,NC,Mecklenburg,Charlotte,First Ward,-80.8353994,35.225553,0.0145731,0.0138751,0.615321875304
187,129.0,263900.0,1.625,0.17116329922,3.75,0.205778216914,26,273747,4426.0,NV,Clark,Henderson,Foothills,-114.9343225,36.056289,0.0496097,0.0583345,23.3103040047
188,249.0,817000.0,2.41666666667,0.101350829995,3.66101694915,0.0998711306708,59,273776,3921.0,NC,Mecklenburg,Charlotte,Foxcroft,-80.8139889,35.156137,0.037976,0.030218,3.50020880881
189,267.0,489200.0,1.87671232877,0.0669559151168,3.69101123596,0.0751657756237,89,273785,4065.0,NC,Mecklenburg,Charlotte,Freedom Park,-80.8459259,35.186652,0.0147,0.029162,1.3030289181
190,52.0,77900.0,1.58823529412,0.187107347192,4.0,0.15748015748,25,273806,5131.0,PA,Allegheny,Pittsburgh,Garfield,-79.9374514,40.4684467,0.0198841,0.0099487,0.660388678613
191,124.0,225100.0,1.73275862069,0.0714610545388,3.80327868852,0.0629678641235,244,273820,4418.0,NV,Clark,Henderson,Gibson Springs,-115.0357232,36.0422882,0.0430099,0.0281641,9.79421468269
192,165.0,387200.0,1.85714285714,0.241472644208,3.77272727273,0.251964482966,11,273858,3919.0,NC,Mecklenburg,Charlotte,Governor's Square,-80.8108879,35.143694,0.019004,0.010254,0.594569593264
193,127.0,235100.0,1.73728813559,0.0682484583607,3.64444444444,0.0610291257009,225,273887,4447.0,NV,Clark,Henderson,Green Valley North,-115.0867452,36.0591909,0.062963,0.0380977,19.4319563104
194,149.0,303300.0,1.86592178771,0.0449649957677,3.90069686411,0.051199344275,287,273888,4408.0,NV,Clark,Henderson,Green Valley Ranch,-115.0740679,36.0160491,0.0537987,0.0265809,11.5789322748
195,130.0,239600.0,1.63636363636,0.0676911570027,3.71086956522,0.06514819896,230,273889,4398.0,NV,Clark,Henderson,Green Valley South,-115.0868876,36.0334794,0.0629802,0.0197503,10.0765627115
196,,,1.86363636364,0.116694390466,3.85714285714,0.137991105472,28,273898,3901.0,NC,Mecklenburg,Charlotte,Greenville,-80.8435054,35.2428575,0.014315,0.010467,0.455561324862
197,67.0,72100.0,1.44444444444,0.165634665,3.57692307692,0.259984944069,13,273907,4032.0,NC,Mecklenburg,Charlotte,Grier Heights,-80.8016104,35.1972855,0.022053,0.015807,1.0646723391
198,93.0,138100.0,1.33333333333,0.19245008973,3.63636363636,0.232582599661,11,273908,3912.0,NC,Mecklenburg,Charlotte,Griers Fork,-80.9507069,35.1411375,0.02265,0.023033,1.56776329437
199,,,1.38888888889,0.114904385611,3.6875,0.15256060954,24,273931,4006.0,NC,Mecklenburg,Charlotte,Harbor House,-80.9718429,35.116701,0.036086,0.029274,3.16719990606
200,78.0,136900.0,1.65217391304,0.158068392895,3.40909090909,0.16099801437,33,273938,4042.0,NC,Mecklenburg,Charlotte,Harris-Houston,-80.7087034,35.325323,0.050797,0.042866,6.7170164457
201,150.0,556000.0,2.0,0.0,4.1,0.3577708764,5,273959,3958.0,NC,Mecklenburg,Charlotte,Hembstead,-80.7653084,35.100468,0.027049,0.02402,1.99213546247
202,,,1.625,0.246062746063,3.96296296296,0.20441949312,27,273960,4017.0,NC,Mecklenburg,Charlotte,Henderson Circle,-80.8311639,35.3401625,0.0247,0.060447,4.5455335766
203,67.0,81500.0,1.1,0.0948683298051,3.25,0.251272272848,14,273978,3935.0,NC,Mecklenburg,Charlotte,Hidden Valley,-80.7782034,35.272117,0.033941,0.02828,2.93898306033
204,98.0,206500.0,1.69565217391,0.11395589318,3.64864864865,0.14026072048,37,273992,3929.0,NC,Mecklenburg,Charlotte,Highland Creek,-80.7639761,35.378142,0.0454397,0.044298,6.17271608755
205,129.0,205400.0,1.0,0.0,3.47619047619,0.222019667972,21,273995,4404.0,NV,Clark,Henderson,Highland Hills,-114.960761,36.0043475,0.0585864,0.0195082,9.21511401257
206,120.0,254600.0,1.90909090909,0.15505506644,4.20588235294,0.138321772258,17,273999,5182.0,PA,Allegheny,Pittsburgh,Highland Park,-79.9173777,40.4774332,0.0225405,0.0208416,1.57137020218
207,82.0,119200.0,1.50833333333,0.0600877059589,3.73262032086,0.0690297522502,187,274073,4401.0,NV,Clark,Las Vegas,Huntridge,-115.1284967,36.1512408,0.057938,0.0152843,7.18483483832
208,99.0,160700.0,2.0,0.20203050891,2.88888888889,0.280847238669,9,274078,4064.0,NC,Mecklenburg,Charlotte,Hwy 51-Park Road,-80.8688879,35.075109,0.022642,0.028492,1.95603067182
209,75.0,134600.0,1.11111111111,0.104756560176,3.46428571429,0.239388494527,14,274082,3920.0,NC,Mecklenburg,Charlotte,Idlewild Farms,-80.7322154,35.194504,0.022745,0.0172,1.20378535246
210,83.0,119800.0,1.4375,0.124019592706,3.61538461538,0.176897348271,26,274083,3930.0,NC,Mecklenburg,Charlotte,Idlewild South,-80.7378694,35.1736215,0.037041,0.027531,3.13600415131
211,,,1.33333333333,0.272165526976,3.5,0.456435464588,6,274115,4046.0,NC,Mecklenburg,Charlotte,JT Williams,-80.836103,35.2677694,0.0212759,0.0135228,0.875458965843
212,,,1.5,0.353553390593,3.16666666667,0.490653381463,3,274118,3945.0,NC,Mecklenburg,Charlotte,Jackson Homes,-80.9257635,35.209273,0.0069939,0.0123088,0.25940740835
213,103.0,164300.0,1.73913043478,0.126272596538,3.625,0.14003347814,40,274148,4061.0,NC,Mecklenburg,Charlotte,Johnston Rd-McAlpine,-80.8518909,35.0742025,0.035804,0.027265,2.96534883257
214,115.0,225900.0,1.66666666667,0.19245008973,3.84210526316,0.213960903239,19,274207,4415.0,NV,Clark,Las Vegas,Kyle Canyon,-115.3136598,36.3033774,0.0399314,0.0524789,17.1193288423
215,,,2.0,0.0,4.5,0.306186217848,4,274208,258.0,AZ,Maricopa,Tempe,Kyrene-Superstition,-111.9478624,33.3893115,0.009357,0.007425,0.496141925574
216,183.0,357900.0,2.29411764706,0.121477437243,3.8,0.0969535971483,50,274231,4403.0,NV,Clark,Henderson,Lake Las Vegas,-114.9219222,36.1038451,0.0366231,0.0528988,15.5974844418
217,,,1.0,0.0,4.5,0.0,1,274257,4007.0,NC,Mecklenburg,Charlotte,Lakewood,-80.8783609,35.2536695,0.014176,0.014447,0.620329391519
218,142.0,363800.0,4.0,0.0,3.25,0.403973321451,6,274268,4030.0,NC,Mecklenburg,Charlotte,Lansdowne,-80.7815574,35.1450045,0.026989,0.033627,2.77786628658
219,33.0,49600.0,2.07692307692,0.202398004455,3.79166666667,0.171585404175,24,274272,5174.0,PA,Allegheny,Pittsburgh,Larimer,-79.9127426,40.4623165,0.0142555,0.0165863,0.791249455833
220,62.0,69300.0,1.0,0.0,2.5,0.707106781187,2,274310,4023.0,NC,Mecklenburg,Charlotte,Lincoln Heights,-80.8482869,35.264169,0.014626,0.017208,0.764828952792
221,33.0,47200.0,,,4.5,0.408248290464,3,274318,5178.0,PA,Allegheny,Pittsburgh,Lincoln-Lemington-Belmar,-79.8964701,40.473539,0.0247211,0.0237191,1.9653514055
222,,,2.0,0.0,3.83333333333,0.368513865595,9,274339,4018.0,NC,Mecklenburg,Charlotte,Lockwood,-80.8276079,35.2401721,0.028346,0.0174679,1.50803936645
223,119.0,222600.0,1.59689922481,0.0484348874926,3.68636363636,0.0609597975686,220,274346,4423.0,NV,Clark,Las Vegas,Lone Mountain,-115.2905728,36.2358137,0.0877455,0.0352081,25.2164979018
224,160.0,264200.0,1.73255813953,0.0555819271276,3.9303030303,0.0709242368824,165,274388,4441.0,NV,Clark,Henderson,Macdonald Ranch,-115.0627957,35.9988369,0.0838627,0.0299704,20.3425675379
225,,,1.42857142857,0.0935219529583,3.69512195122,0.150230883959,41,274414,316.0,AZ,Maricopa,Tempe,Maple-Ash,-111.9417265,33.4164634,0.0037208,0.0109593,0.291123019081
226,,,1.54545454545,0.197657202365,3.54166666667,0.181222060426,12,274421,270.0,AZ,Maricopa,Tempe,Marilyn Ann,-111.9499977,33.4109986,0.0043515,0.0072772,0.22616026386
227,82.0,123500.0,2.0,0.0,4.0,0.0,1,274433,4036.0,NC,Mecklenburg,Charlotte,Marlwood,-80.7174869,35.187654,0.02497,0.023876,1.83737743224
228,91.0,140000.0,1.30769230769,0.12800773759,3.16,0.207306536318,25,274437,3895.0,NC,Mecklenburg,Charlotte,Marshbrooke,-80.7127735,35.1644296,0.0474332,0.0561968,8.21922281562
229,133.0,275700.0,1.57446808511,0.0837372902111,3.87333333333,0.0924209371822,75,274461,4427.0,NV,Clark,Henderson,McCullough Hills,-115.0187136,36.0158479,0.0573802,0.0353527,16.3913149905
230,,,1.86144578313,0.0570902737292,3.87313432836,0.0598396916276,268,274486,4405.0,NV,Clark,Las Vegas,Meadows Village,-115.1626108,36.1461255,0.0305104,0.0254819,6.31594452611
231,104.0,150700.0,1.6043956044,0.0416701222915,3.49661016949,0.057776139341,295,274510,4397.0,NV,Clark,Las Vegas,Michael Way,-115.2216074,36.2003811,0.050419,0.0394616,16.1986253058
232,80.0,135400.0,1.5652173913,0.0850451559864,3.24545454545,0.116330057138,55,274546,4021.0,NC,Mecklenburg,Charlotte,Mineral Springs-Rumble Road,-80.7801244,35.297476,0.057531,0.042102,7.41494574785
233,120.0,167000.0,1.75,0.216506350946,3.875,0.243847914807,12,274555,4411.0,NV,Clark,Henderson,Mission Hills,-114.9366072,35.9846226,0.0533889,0.030876,13.2789933681
234,77.0,89000.0,1.70909090909,0.0712241359069,3.30625,0.11675754459,80,274578,4069.0,NC,Mecklenburg,Charlotte,Montclaire South,-80.8915164,35.1516829,0.032511,0.0566327,5.56886903717
235,164.0,486300.0,1.75,0.153093108924,3.0625,0.311717770988,8,274617,3986.0,NC,Mecklenburg,Charlotte,Mountainbrook,-80.8159469,35.128253,0.025554,0.02555,1.99102646607
236,85.0,120200.0,1.0,0.0,4.33333333333,0.136082763488,3,274658,3982.0,NC,Mecklenburg,Charlotte,Nevin Community,-80.8222004,35.30072,0.035599,0.037536,4.07211215921
237,125.0,296600.0,1.86666666667,0.102318794962,3.79577464789,0.105199796115,71,274667,382.0,AZ,Maricopa,Phoenix,New Village,-112.19133,33.8827029,0.12582,0.1724741,156.602115569
238,84.0,142300.0,1.4,0.219089023002,3.58333333333,0.274283578585,6,274669,4008.0,NC,Mecklenburg,Charlotte,Newell South,-80.7527194,35.2757115,0.032683,0.026857,2.69501111209
239,167.0,219600.0,1.62068965517,0.0682183064918,4.11594202899,0.0732887298738,69,274696,4002.0,NC,Mecklenburg,Charlotte,North Charlotte,-80.7967289,35.2450785,0.033412,0.017399,1.77645426412
240,118.0,200600.0,1.55395683453,0.0549525976573,3.64154411765,0.0587431150109,272,274697,4402.0,NV,Clark,Las Vegas,North Cheyenne,-115.2267821,36.2464288,0.0403997,0.0591841,19.4704351496
241,,,1.57722007722,0.0271927624466,3.47619047619,0.0328278149695,903,274728,4436.0,NV,Clark,North Las Vegas,North Last Vegas,-115.0838289,36.260348,0.256722,0.151018,314.033912224
242,144.0,235600.0,1.51764705882,0.0698228399904,3.60185185185,0.0768460671795,108,274732,5216.0,PA,Allegheny,Pittsburgh,North Oakland,-79.9548244,40.4508076,0.0171165,0.0188751,1.07668540537
243,219.0,504500.0,1.94660564455,0.019629640956,3.92366570128,0.0185636417175,2417,274742,227.0,AZ,Maricopa,Scottsdale,North Scottsdale,-111.8582508,33.64934,0.204723,0.1923999,280.191013692
244,82.0,118600.0,1.5,0.125,3.33928571429,0.169508539737,28,274743,4014.0,NC,Mecklenburg,Charlotte,North Sharon Amity-Reddman Roa,-80.7534519,35.1937405,0.03373,0.020555,2.12853537422
245,,,1.60648148148,0.0418081255942,3.72084367246,0.0522475365876,403,274768,425.0,AZ,Maricopa,Mesa,Northeast,-111.6769173,33.4548036,0.1926268,0.1170127,159.070905577
246,,,1.52229299363,0.0506247129094,3.62741935484,0.0604110904466,310,274802,444.0,AZ,Maricopa,Mesa,Northwest,-111.8225595,33.4484074,0.1385289,0.0663132,65.2452212757
247,,,1.0,0.0,4.5,0.0,1,274821,390.0,AZ,Maricopa,Tempe,Ntna-Canal Park,-111.9389294,33.457357,0.007857,0.013332,0.747750699226
248,,,1.64705882353,0.142668014727,3.71428571429,0.203627612886,21,274822,235.0,AZ,Maricopa,Tempe,NTNA-Cavalier Hills,-111.9284324,33.4476073,0.003883,0.0073355,0.203237710261
249,,,1.61111111111,0.114904385611,3.47619047619,0.197708500914,21,274823,230.0,AZ,Maricopa,Tempe,Ntna-Indian Bend,-111.9222039,33.4476435,0.008636,0.007305,0.450010599838
250,,,1.88235294118,0.163913069652,3.60714285714,0.141414913791,28,274824,231.0,AZ,Maricopa,Tempe,Ntna-West Rio,-111.9289064,33.440207,0.005183,0.007566,0.27981027076
251,70.0,83300.0,1.14285714286,0.132260014253,3.4,0.298328677804,10,274830,3994.0,NC,Mecklenburg,Charlotte,Oak Forest,-80.7428864,35.24293,0.032733,0.030672,3.08579155902
252,83.0,130400.0,1.8,0.334664010614,3.25,0.348608344389,6,274845,4050.0,NC,Mecklenburg,Charlotte,Oakdale South,-80.9135979,35.295629,0.051928,0.032332,5.06592045839
253,133.0,161800.0,1.33333333333,0.136082763488,3.77083333333,0.179164647921,24,274848,4049.0,NC,Mecklenburg,Charlotte,Oakhurst,-80.7787799,35.192053,0.024978,0.019518,1.49265387266
254,,,,,2.0,0.0,1,274864,3907.0,NC,Mecklenburg,Charlotte,Oakview Terrace,-80.8725779,35.2606205,0.015316,0.015537,0.721234384036
255,168.0,421300.0,,,4.0,0.0,1,274905,4003.0,NC,Mecklenburg,Charlotte,Olde Providence North,-80.7921964,35.139565,0.021947,0.029646,1.98920945356
256,152.0,390600.0,1.92857142857,0.188015569109,3.60526315789,0.202405709276,19,274906,4028.0,NC,Mecklenburg,Charlotte,Olde Providence South,-80.8067159,35.1055045,0.054546,0.045373,7.55475108331
257,,,1.42857142857,0.187043905917,4.13333333333,0.191291904148,15,274914,3938.0,NC,Mecklenburg,Charlotte,Optimist Park,-80.821925,35.2374458,0.0218873,0.0176365,1.17639042089
258,153.0,249200.0,1.0,0.0,3.64285714286,0.374087811833,7,274915,259.0,AZ,Maricopa,Tempe,Optimist Park Ne,-111.8981679,33.3746225,0.009184,0.0078029,0.510651753047
259,135.0,253200.0,1.5,0.111803398875,3.65,0.141715677797,30,274916,429.0,AZ,Maricopa,Tempe,Optimist Park Nw,-111.906924,33.3745977,0.0086858,0.0076647,0.474577316906
260,144.0,268200.0,,,4.75,0.176776695297,2,274917,279.0,AZ,Maricopa,Tempe,Optimist Park Se,-111.8983345,33.3672852,0.0084933,0.0069603,0.421254425205
261,145.0,258500.0,1.5,0.353553390593,3.7,0.303315017762,5,274918,297.0,AZ,Maricopa,Tempe,Optimist Park Sw,-111.9068395,33.3672777,0.0088409,0.0070654,0.44528045245
262,149.0,389400.0,1.66666666667,0.272165526976,3.5,0.4472135955,5,274937,3961.0,NC,Mecklenburg,Charlotte,Oxford Hunt,-80.7667449,35.1108,0.025396,0.021474,1.67188323692
263,130.0,286200.0,1.46666666667,0.128812237744,3.55,0.178496809807,30,274955,4440.0,NV,Clark,Henderson,Paradise Hills,-114.9809662,35.998175,0.0354885,0.02924,8.37299010076
264,153.0,511900.0,1.68,0.0646219776856,3.53676470588,0.0717867675191,136,274959,3905.0,NC,Mecklenburg,Charlotte,Park Crossing,-80.8680549,35.101742,0.030486,0.033238,3.07264610368
265,74.0,112200.0,1.33333333333,0.19245008973,3.28571428571,0.332847070006,7,274989,3913.0,NC,Mecklenburg,Charlotte,Pawtuckett,-80.9531119,35.258839,0.032908,0.035648,3.52438987586
266,151.0,204400.0,1.14285714286,0.0935219529583,3.59090909091,0.217129002569,22,275008,274.0,AZ,Maricopa,Tempe,Pepperwood,-111.9502254,33.3709395,0.008729,0.014569,0.908262784935
267,253.0,776400.0,2.10526315789,0.110077648316,3.94871794872,0.0927117862596,78,275040,323.0,AZ,Maricopa,Scottsdale,Pinnacle Peak,-111.8734338,33.8207508,0.174591,0.1592815,197.950640505
268,107.0,151900.0,1.65714285714,0.0584432533711,3.72781065089,0.074136909098,169,275041,4422.0,NV,Clark,Las Vegas,Pioneer Park,-115.2660009,36.1866936,0.0430211,0.0188574,6.6158593439
269,117.0,,2.0,0.0,4.0,0.186080731891,19,275042,4451.0,NV,Clark,Henderson,Pittman,-114.9937959,36.0680625,0.0616089,0.0358927,17.8514628244
270,,,1.0,0.0,4.75,0.176776695297,2,275047,3984.0,NC,Mecklenburg,Charlotte,Plaza Hills,-80.8022569,35.234831,0.011378,0.00647,0.224821992467
271,227.0,352100.0,1.53658536585,0.0851744263134,3.80357142857,0.112001853054,56,275048,4059.0,NC,Mecklenburg,Charlotte,Plaza Midwood,-80.8034552,35.226031,0.0301394,0.0153559,1.413260947
272,66.0,97600.0,1.71428571429,0.212578231184,3.61904761905,0.223111276307,21,275051,3906.0,NC,Mecklenburg,Charlotte,Plaza-Eastway,-80.7647434,35.259829,0.060075,0.024294,4.47521387732
273,91.0,188500.0,1.55555555556,0.120962456434,3.18918918919,0.145985169093,37,275099,3978.0,NC,Mecklenburg,Charlotte,Prosperity Church Road,-80.7787864,35.3405455,0.0465291,0.058011,8.26419913901
274,142.0,500600.0,1.92592592593,0.0822015817096,3.34848484848,0.100486475666,66,275100,3964.0,NC,Mecklenburg,Charlotte,Providence Crossing,-80.7864814,35.046144,0.037687,0.037448,4.31744263054
275,199.0,471600.0,1.95833333333,0.149990354628,3.9375,0.162003448073,32,275101,3993.0,NC,Mecklenburg,Charlotte,Providence Park,-80.7976614,35.165215,0.021147,0.021444,1.38560104877
276,124.0,253100.0,1.83333333333,0.0817755635771,3.73026315789,0.0955379095625,76,275103,4005.0,NC,Mecklenburg,Charlotte,Provincetowne,-80.8093464,35.0436481,0.042289,0.0429763,5.54616752447
277,140.0,285200.0,2.5,0.353553390593,3.75,0.403973321451,6,275112,4043.0,NC,Mecklenburg,Charlotte,Quail Hollow,-80.8568159,35.1326995,0.022636,0.031179,2.14273626596
278,133.0,348100.0,1.91176470588,0.0824980185293,3.42405063291,0.0895468337946,79,275121,4063.0,NC,Mecklenburg,Charlotte,Rain Tree,-80.7988324,35.087722,0.048311,0.024682,3.64296685453
279,77.0,82400.0,1.0,0.0,3.5,0.0,1,275150,3946.0,NC,Mecklenburg,Charlotte,Reid Park,-80.9008674,35.2104971,0.015509,0.0238999,1.11997162394
280,,,1.0,0.0,4.0,0.0,2,275155,3954.0,NC,Mecklenburg,Charlotte,Revolution Park,-80.8801604,35.212817,0.013899,0.00988,0.415859400395
281,,,1.5,0.353553390593,1.75,0.53033008589,2,275170,5206.0,PA,Allegheny,Pittsburgh,Ridgemont,-80.0343965,40.4269804,0.0126546,0.0138933,0.58132592419
282,129.0,228900.0,1.6,0.157762127549,3.7962962963,0.131622926681,27,275187,4430.0,NV,Clark,Henderson,River Mountain,-114.9322027,35.9985071,0.0538915,0.0576417,25.0194839875
283,82.0,120400.0,1.25,0.216506350946,3.57142857143,0.370170554025,7,275226,4058.0,NC,Mecklenburg,Charlotte,Rockwell Park-Hemphill Heights,-80.8064603,35.312477,0.0305087,0.027426,2.55421781188
284,148.0,264500.0,2.0,0.0,4.33333333333,0.360041149912,3,275263,295.0,AZ,Maricopa,Tempe,Rural-Geneva,-111.920922,33.3965763,0.0107779,0.0072845,0.560014977668
285,106.0,192200.0,1.28571428571,0.120736322104,3.69230769231,0.165601206736,26,275309,4060.0,NC,Mecklenburg,Charlotte,Sardis Woods,-80.7524814,35.1377585,0.031163,0.022111,2.11563077841
286,,,1.0,0.0,4.0,0.0,1,275337,4010.0,NC,Mecklenburg,Charlotte,Seversville,-80.8665059,35.2391035,0.016114,0.005257,0.256916270575
287,73.0,96600.0,1.5,0.25,4.2,0.414728827067,5,275343,4012.0,NC,Mecklenburg,Charlotte,Shannon Park,-80.7659574,35.2426345,0.030513,0.016951,1.58578618772
288,125.0,312000.0,1.74358974359,0.069920107672,3.75961538462,0.11736315257,52,275354,4406.0,NV,Clark,Las Vegas,Sheep Mountain,-115.2245786,36.305017,0.0361996,0.0612685,18.0591802226
289,170.0,382200.0,2.0,0.0,4.16666666667,0.419435246404,6,275363,3947.0,NC,Mecklenburg,Charlotte,Sherwood Forest,-80.7839174,35.1713165,0.028627,0.021955,1.9232488294
290,74.0,101800.0,1.4,0.154919333848,2.77272727273,0.260035251612,11,275391,3914.0,NC,Mecklenburg,Charlotte,Slater Rd-Hamilton Circle,-80.8470497,35.2964375,0.0229005,0.027003,1.87941865086
291,185.0,283300.0,2.00362318841,0.0191581634251,3.89880952381,0.0193619716569,2100,275454,280.0,AZ,Maricopa,Scottsdale,South Scottsdale,-111.9261108,33.5077923,0.069219,0.1198955,59.2095006993
292,,,1.83333333333,0.366414054396,4.05882352941,0.259365585263,17,275489,4024.0,NC,Mecklenburg,Charlotte,Southside Park,-80.8745498,35.2025855,0.0166638,0.0162949,0.822804394454
293,,,1.57894736842,0.0291553845535,3.60092348285,0.0360336911838,758,275498,336.0,AZ,Maricopa,Mesa,Southwest,-111.867173,33.3895594,0.0547399,0.0657648,25.6182463331
294,136.0,226500.0,1.23076923077,0.116854542356,3.72727272727,0.222047368391,22,275565,3911.0,NC,Mecklenburg,Charlotte,Starmount,-80.8680259,35.144739,0.020978,0.016512,1.05037012345
295,151.0,290600.0,1.85245901639,0.0532657665267,3.77368421053,0.0498638619014,380,275609,4416.0,NV,Clark,Las Vegas,Summerlin North,-115.3332669,36.1869266,0.1466133,0.0630304,75.54834553
296,164.0,244000.0,1.48717948718,0.0800377530232,3.83552631579,0.106240592664,76,275613,4409.0,NV,Clark,Las Vegas,Sun City Summerlin,-115.3109592,36.2050484,0.0646386,0.0271645,14.3429302579
297,101.0,,1.46835443038,0.0665862323463,3.32743362832,0.0966932945669,113,275625,4410.0,NV,Clark,Las Vegas,Sunrise,-115.0713032,36.1738767,0.0184512,0.0298668,4.46165068866
298,132.0,,2.0,0.0,3.45,0.426907484123,10,275628,374.0,AZ,Maricopa,Tempe,Sunset,-111.9565969,33.4255225,0.00879,0.007223,0.453569236863
299,65.0,71000.0,1.0,0.0,3.375,0.361744903212,8,275735,3969.0,NC,Mecklenburg,Charlotte,Thomasboro-Hoskins,-80.8845229,35.2636185,0.040638,0.031647,3.89282462199
300,121.0,276600.0,1.33333333333,0.272165526976,3.625,0.324759526419,4,275755,4015.0,NC,Mecklenburg,Charlotte,Touchstone Village-Elm Lane,-80.8312989,35.079315,0.019928,0.012034,0.730097098564
301,83.0,,1.55405405405,0.0814000300886,3.51811594203,0.0818887744393,138,275768,4412.0,NV,Clark,Henderson,Townsite,-114.9893789,36.035537,0.0489846,0.0291584,11.5285759016
302,82.0,77100.0,1.0,0.0,4.1875,0.196403204531,8,275779,3910.0,NC,Mecklenburg,Charlotte,Tryon Hills,-80.8200389,35.252282,0.019004,0.017352,1.00514778729
303,121.0,266100.0,1.57142857143,0.187043905917,3.94444444444,0.179543698423,18,275782,4438.0,NV,Clark,Las Vegas,Tule Springs,-115.2796306,36.318906,0.0750676,0.0346735,21.2369411252
304,84.0,133400.0,1.28571428571,0.137071031834,3.40476190476,0.119330729124,42,275787,4429.0,NV,Clark,Las Vegas,Twin Lakes,-115.1902525,36.1869056,0.0318495,0.0265748,6.88298701827
305,97.0,147800.0,1.7,0.116904519445,3.64383561644,0.115621409706,73,275797,4454.0,NV,Clark,Las Vegas,Umc,-115.165003,36.1672821,0.0191585,0.017117,2.66431982148
306,,,1.78640776699,0.0638868672007,3.404,0.0736903792907,125,275811,3916.0,NC,Mecklenburg,Charlotte,University City North,-80.7419519,35.3250316,0.0361521,0.0434144,4.82446822898
307,,,1.82608695652,0.103366526386,3.4552238806,0.113044968886,67,275812,4067.0,NC,Mecklenburg,Charlotte,University City South,-80.7411981,35.3049099,0.0354683,0.0330283,3.60117129492
308,49.0,53500.0,1.0,0.0,4.0,0.353553390593,2,275821,3965.0,NC,Mecklenburg,Charlotte,University Park,-80.8619699,35.2648615,0.016066,0.012961,0.631844696042
309,152.0,157700.0,1.6,0.154919333848,4.13333333333,0.172991115165,15,275867,4011.0,NC,Mecklenburg,Charlotte,Villa Heights,-80.8112559,35.2375105,0.01738,0.009763,0.517702400499
310,251.0,611900.0,2.0,0.0,3.3,0.361939221417,10,275947,3985.0,NC,Mecklenburg,Charlotte,Wendover-Sedgewood,-80.8067289,35.1872885,0.026612,0.024587,1.99729509153
311,175.0,242900.0,1.44444444444,0.165634665,3.45454545455,0.268563253046,11,275948,4033.0,NC,Mecklenburg,Charlotte,Wesley Heights,-80.8661754,35.23302,0.020177,0.00814,0.498134765034
312,,,1.0,0.0,3.75,0.53033008589,2,275955,4054.0,NC,Mecklenburg,Charlotte,West Blvd,-80.8904474,35.214724,0.014871,0.019654,0.884119831548
313,,,1.6323024055,0.0379030724307,3.70689655172,0.0432642659898,580,275959,240.0,AZ,Maricopa,Mesa,West Central,-111.8247945,33.4069529,0.073411,0.0573838,29.922722641
314,133.0,,2.13636363636,0.116694390466,3.88333333333,0.109755620796,30,275970,4431.0,NV,Clark,Henderson,West Henderson,-115.1616909,35.9373142,0.1024224,0.0814143,67.7390791516
315,78.0,136700.0,1.4347826087,0.12027201301,3.47142857143,0.161552237262,35,275993,3957.0,NC,Mecklenburg,Charlotte,West Sugar Creek,-80.8125814,35.3233035,0.035815,0.0316531,3.45832806042
316,66.0,73600.0,1.5,0.117851130198,2.83333333333,0.219082122886,21,276007,4013.0,NC,Mecklenburg,Charlotte,Westerly Hills,-80.9083784,35.23438,0.025893,0.024008,1.87676488327
317,141.0,313100.0,1.78342245989,0.0324684396209,3.81129032258,0.0371465643335,620,276021,4450.0,NV,Clark,Henderson,Westgate,-115.1277719,35.9948904,0.0541848,0.0513124,22.5577501747
318,,,2.0,0.0,5.0,0.0,1,276032,3936.0,NC,Mecklenburg,Charlotte,Westover Hills,-80.8759346,35.2201004,0.0157006,0.0078688,0.374308998247
319,126.0,329400.0,2.11111111111,0.120962456434,3.7625,0.126228339726,40,276058,3955.0,NC,Mecklenburg,Charlotte,Whiteoak,-80.8401758,35.0703828,0.03779,0.0131345,1.50966384466
320,116.0,205400.0,1.80655737705,0.038458175783,3.44964871194,0.0423277374193,427,276065,4399.0,NV,Clark,Henderson,Whitney Ranch,-115.0459006,36.0709641,0.0367214,0.0296064,8.79377333544
321,71.0,87000.0,2.0,0.471404520791,2.9,0.167332005307,5,276071,3949.0,NC,Mecklenburg,Charlotte,Wildwood,-80.9610819,35.2699845,0.042712,0.040955,5.25078859008
322,177.0,220700.0,2.14285714286,0.28315177399,3.98275862069,0.178317474335,29,276089,3943.0,NC,Mecklenburg,Charlotte,Wilmore,-80.8675196,35.2164265,0.0227426,0.013449,0.927539858431
323,,,,,4.25,0.53033008589,2,276093,3956.0,NC,Mecklenburg,Charlotte,Wilson Heights,-80.8458079,35.2780389,0.023122,0.0133938,0.941356628787
324,91.0,126100.0,1.18181818182,0.11629129983,3.89285714286,0.226883114228,14,276100,3950.0,NC,Mecklenburg,Charlotte,Windsor Park,-80.7601054,35.2244169,0.041247,0.0280022,3.54341209015
325,,,1.62162162162,0.0963266247136,3.4375,0.156336781456,48,276172,4029.0,NC,Mecklenburg,Charlotte,York Road,-80.8805493,35.1878241,0.0154629,0.020056,0.93912396179
326,,,1.8125,0.181546094353,3.45,0.208865985742,20,276217,5134.0,PA,Allegheny,Pittsburgh,Bluff,-79.984419,40.4361743,0.0236666,0.0055391,0.435603555084
327,146.0,327300.0,2.0,0.0,4.375,0.324759526419,4,276231,4434.0,NV,Clark,Henderson,Calico Ridge,-114.9577366,36.0779256,0.0365255,0.0312518,9.20255968831
328,92.0,138500.0,1.61194029851,0.075973591338,4.01234567901,0.0841751303617,81,276248,5114.0,PA,Allegheny,Pittsburgh,Central Lawrenceville,-79.9510445,40.4733268,0.0329179,0.0162679,1.78529475883
329,93.0,135800.0,1.6091954023,0.0512188884382,3.63440860215,0.0587540015679,279,276253,4446.0,NV,Clark,Las Vegas,Charleston Heights,-115.2341407,36.1701038,0.0566528,0.0220963,10.1965165952
330,,,1.8125,0.086683942589,3.97887323944,0.0898745073414,71,276271,4022.0,NC,Mecklenburg,Charlotte,Commonwealth,-80.8059944,35.2157005,0.021067,0.010411,0.669558811107
331,83.0,137300.0,1.33333333333,0.272165526976,3.83333333333,0.38490017946,6,276277,4056.0,NC,Mecklenburg,Charlotte,Coulwood West,-80.9533864,35.2982687,0.063667,0.0450645,8.61952128022
332,75.0,105100.0,,,3.0,0.0,1,276295,3902.0,NC,Mecklenburg,Charlotte,Derita-Statesville,-80.8172494,35.287202,0.038659,0.028668,3.3792021873
333,69.0,,1.6,0.1788854382,3.84523809524,0.172095342878,42,276305,4400.0,NV,Clark,Las Vegas,Downtown East,-115.1083876,36.1619381,0.0337007,0.0128408,3.50843651507
334,77.0,126000.0,1.0,0.0,3.63636363636,0.302133659677,11,276314,3896.0,NC,Mecklenburg,Charlotte,Eastland-Wilora Lake,-80.7450127,35.2175865,0.0263557,0.028981,2.34707900413
335,82.0,118200.0,1.18181818182,0.11629129983,3.06666666667,0.210114607175,15,276372,3991.0,NC,Mecklenburg,Charlotte,Hickory Ridge,-80.6989384,35.215142,0.055163,0.025334,4.31548134075
336,182.0,268300.0,1.71818181818,0.0591004442402,3.7,0.062527045278,145,276433,3979.0,NC,Mecklenburg,Charlotte,Madison Park,-80.8620124,35.1667612,0.034555,0.0223104,2.33926980599
337,112.0,214700.0,1.90909090909,0.180782172349,4.0,0.0968904283304,105,276452,4414.0,NV,Clark,Henderson,Midway,-115.01923,36.058885,0.050696,0.0500389,20.4983527735
338,174.0,224300.0,1.71428571429,0.170746944191,4.125,0.243847914807,12,276487,273.0,AZ,Maricopa,Tempe,Ntna-College,-111.9308419,33.454783,0.008862,0.007402,0.46809432116
339,98.0,154000.0,1.44186046512,0.0825651852964,3.14754098361,0.11078878601,61,276502,4009.0,NC,Mecklenburg,Charlotte,Olde Whitehall,-80.9374954,35.1524625,0.033781,0.036103,3.67033626609
340,130.0,350500.0,1.89795918367,0.0877546177451,3.45901639344,0.0780154633333,61,276513,3967.0,NC,Mecklenburg,Charlotte,Piper Glen Estates,-80.7973104,35.0728795,0.054511,0.031157,5.18967109062
341,112.0,127100.0,1.71428571429,0.170746944191,4.11111111111,0.204543722541,9,276515,3908.0,NC,Mecklenburg,Charlotte,Plaza-Shamrock,-80.7870739,35.241491,0.025116,0.015924,1.22343629243
342,72.0,73900.0,1.5,0.353553390593,2.83333333333,0.136082763488,3,276517,3937.0,NC,Mecklenburg,Charlotte,Ponderosa-Wingate,-80.9076274,35.2076555,0.010689,0.027681,0.89335883003
343,134.0,435300.0,1.83333333333,0.280541803843,3.90909090909,0.211431385214,11,276523,3939.0,NC,Mecklenburg,Charlotte,Providence Plantation,-80.7534579,35.0840757,0.0424381,0.0367945,4.7938626628
344,94.0,149000.0,1.74715909091,0.0381673952115,3.6059602649,0.0423795314897,604,276525,4407.0,NV,Clark,Las Vegas,Rancho Charleston,-115.1842829,36.1530458,0.0477014,0.0465237,18.0431956568
345,183.0,182200.0,1.78260869565,0.105725001543,3.25862068966,0.17175856471,29,276541,354.0,AZ,Maricopa,Tempe,Riverside,-111.9479319,33.4257085,0.00878,0.007627,0.478214136242
346,218.0,241800.0,1.6875,0.145740297705,3.76785714286,0.177644276764,28,276557,3966.0,NC,Mecklenburg,Charlotte,Sedgefield,-80.8619374,35.1945825,0.021761,0.016883,1.11479257981
347,,,1.68783068783,0.0325261318587,3.46111975117,0.039051814123,643,276573,252.0,AZ,Maricopa,Mesa,Southeast,-111.6672618,33.3465094,0.1732537,0.1380768,168.756301703
348,114.0,,1.57142857143,0.27532117476,3.7,0.30166206258,10,276588,3990.0,NC,Mecklenburg,Charlotte,Starmount Forest,-80.8726194,35.1278695,0.016999,0.020679,1.0654052802
349,71.0,92600.0,1.5,0.216506350946,3.86363636364,0.218422732007,22,276598,4027.0,NC,Mecklenburg,Charlotte,Sugaw Creek-Ritch Ave,-80.8054839,35.263086,0.028704,0.03168,2.77616368674
350,77.0,116200.0,1.375,0.121030729569,2.78571428571,0.206392808929,21,276610,3926.0,NC,Mecklenburg,Charlotte,Toddville Road,-80.9189829,35.2569335,0.04527,0.037625,5.13636523545
351,108.0,143700.0,1.5,0.0927960727138,3.56666666667,0.0964533086044,120,276627,4439.0,NV,Clark,Henderson,Valley View,-114.9761473,36.0441686,0.0354724,0.0499067,14.2819186553
352,82.0,114000.0,1.5,0.122474487139,3.39423076923,0.155243973421,52,276649,4433.0,NV,Clark,Las Vegas,West Las Vegas,-115.1675704,36.1887814,0.049212,0.0286771,11.4668691658
353,74.0,88700.0,1.46666666667,0.128812237744,3.53846153846,0.192159706374,26,276674,3977.0,NC,Mecklenburg,Charlotte,Yorkmount,-80.9085579,35.1535374,0.0439939,0.0532072,7.06684933484
354,93.0,183200.0,1.84210526316,0.079177872177,3.35106382979,0.110469279262,47,276675,3897.0,NC,Mecklenburg,Charlotte,Yorkshire,-80.9699999,35.0960225,0.045298,0.042577,5.78357856415
355,87.0,134400.0,1.54545454545,0.105765034823,3.47872340426,0.12673195498,47,343227,4045.0,NC,Mecklenburg,Charlotte,Eagle Lake,-80.9245389,35.1843,0.069374,0.049586,10.3671914457
356,98.0,145400.0,2.0,0.0,3.39473684211,0.191867002097,19,343509,6933.0,WI,Dane,Madison,High Crossing,-89.2858877,43.1259216,0.0202081,0.0382616,0.184118770724
357,,,2.0,0.0,4.5,0.0,1,343510,6869.0,WI,Dane,Madison,Lake View Hill,-89.3731086,43.1374663,0.0198963,0.0085284,0.0354713524453
358,,,1.0,0.0,4.0,0.471404520791,3,343513,6901.0,WI,Dane,Madison,Nobel Park,-89.3767279,43.1358829,0.0129704,0.0044354,0.011956649619
359,,,,,2.5,0.0,1,343517,6848.0,WI,Dane,Madison,Brentwood Village,-89.3691622,43.1226,0.0110982,0.0071358,0.0166593621436
360,,,1.77272727273,0.110067938858,3.28,0.174539393834,25,343518,6888.0,WI,Dane,Madison,Mayfair Park,-89.3116502,43.116961,0.0260813,0.0134913,0.0807673796853
361,,,1.71428571429,0.170746944191,3.77777777778,0.393709104175,9,343519,6880.0,WI,Dane,Madison,Carpenter-Ridgeway,-89.3426361,43.115167,0.0248455,0.0171308,0.0932987707885
362,,,1.75,0.216506350946,3.3125,0.264242726958,8,343522,6677.0,WI,Dane,Madison,Hawthorne,-89.3235309,43.1124481,0.0143022,0.0120328,0.038820545666
363,,,3.0,0.0,4.0,0.0,1,343523,6765.0,WI,Dane,Madison,Maple Wood,-89.3647389,43.1142224,0.0019347,0.001789,0.00073319848077
364,157.0,190800.0,1.375,0.17116329922,3.95454545455,0.297750141069,11,343524,6842.0,WI,Dane,Madison,Emerson East,-89.3570849,43.0985361,0.0164427,0.0166049,0.0585339892965
365,145.0,234000.0,1.8,0.1788854382,3.5,0.247435829653,7,343525,6932.0,WI,Dane,Madison,McClellan Park,-89.2761608,43.0920238,0.0189712,0.0149776,0.0685838391165
366,168.0,165600.0,1.2,0.126491106407,3.28571428571,0.310177227624,14,343526,6746.0,WI,Dane,Madison,Eastmorland,-89.3228629,43.0915225,0.0229069,0.0157576,0.0815036589091
367,211.0,313100.0,1.87179487179,0.0637399341913,3.87755102041,0.0721758376862,98,343528,6728.0,WI,Dane,Madison,Marquette,-89.3623914,43.0865069,0.03267,0.0224749,0.156115603997
368,174.0,256800.0,1.75757575758,0.142329452856,4.01020408163,0.114075787443,49,343530,6944.0,WI,Dane,Madison,Tenney-Lapham,-89.3725402,43.0874006,0.0209215,0.0177336,0.0776284949115
369,176.0,187800.0,1.75,0.216506350946,4.3,0.22803508502,5,343532,6659.0,WI,Dane,Madison,Spring Harbor,-89.4719561,43.0819702,0.0221851,0.0152675,0.0596413432669
370,153.0,312100.0,1.73333333333,0.114179845144,3.88888888889,0.178105407978,18,343533,6662.0,WI,Dane,Madison,Wexford,-89.5119763,43.0803826,0.0196709,0.011662,0.0373325062603
371,150.0,190500.0,1.25,0.216506350946,3.4,0.219089023002,5,343535,6754.0,WI,Dane,Madison,Elvehjem,-89.2958812,43.0787764,0.0310564,0.0115171,0.0839814705637
372,156.0,176700.0,1.41176470588,0.167596969388,3.80952380952,0.128112896978,21,343537,6886.0,WI,Dane,Madison,Lake Edge,-89.3177808,43.0766173,0.0166246,0.0147883,0.0559290377886
373,,,,,5.0,0.0,1,343538,6646.0,WI,Dane,Madison,Woodland Hills,-89.4977389,43.0788577,0.0093299,0.0073238,0.0114443640636
374,,,,,4.0,0.395284707521,4,343543,6647.0,WI,Dane,Madison,Walnut Grove,-89.5074428,43.0722445,0.0100779,0.0087812,0.0145354825517
375,,,3.0,0.0,3.16666666667,0.952579344416,3,343549,6924.0,WI,Dane,Madison,Sauk Creek,-89.516118,43.070175,0.0132442,0.0099068,0.0211713059446
376,,,2.66666666667,0.272165526976,3.83333333333,0.360041149912,3,343550,6906.0,WI,Dane,Madison,Glen Oak Hills,-89.4729112,43.0713554,0.0110476,0.0071537,0.0138909051574
377,,,1.84848484848,0.122126942652,3.78048780488,0.12201069341,41,343552,6670.0,WI,Dane,Madison,Junction Ridge,-89.5296729,43.0676487,0.0152451,0.0146981,0.0351431605372
378,203.0,322000.0,,,5.0,0.0,1,343553,6856.0,WI,Dane,Madison,Hill Farms-University Neighborh,-89.4657464,43.0663796,0.0253807,0.0111042,0.0502095411284
379,150.0,181400.0,2.0,0.0,3.71428571429,0.317148372815,7,343554,6772.0,WI,Dane,Madison,Glendale,-89.3175834,43.0606063,0.0171721,0.0186908,0.0730373195163
380,223.0,421200.0,1.89285714286,0.127167791639,4.02702702703,0.144216411151,37,343556,6679.0,WI,Dane,Madison,Vilas,-89.4139059,43.0627392,0.0139826,0.0101373,0.0277028357003
381,192.0,280700.0,1.5,0.132287565553,3.6724137931,0.154742435053,29,343557,6935.0,WI,Dane,Madison,Greenbush,-89.4045141,43.0622213,0.009017,0.011086,0.0198497401216
382,,,1.77777777778,0.209513120352,3.85,0.291976026413,10,343561,6718.0,WI,Dane,Madison,Oakbridge Community,-89.5202327,43.0641327,0.005698,0.0073058,0.00665993532236
383,150.0,198800.0,,,3.5,0.0,1,343568,6693.0,WI,Dane,Madison,Waunona,-89.3529031,43.0480384,0.0320746,0.0090097,0.0623570963565
384,142.0,224900.0,1.5,0.353553390593,4.4,0.260768096208,5,343575,6854.0,WI,Dane,Madison,Orchard Ridge Community,-89.4711518,43.0386895,0.0250491,0.0153741,0.0679142496508
385,166.0,233000.0,2.0,0.0,3.83333333333,0.481125224325,6,343576,6661.0,WI,Dane,Madison,Stone Meadows,-89.4917489,43.0085546,0.015385,0.0144158,0.0375892011386
386,156.0,165500.0,1.64705882353,0.0799131932864,4.0253164557,0.086270598128,79,343577,6951.0,WI,Dane,Madison,Schenk-Atwood-Starkweather-Yahar,-89.3424816,43.0973832,0.0336605,0.0169667,0.125219087732
387,,,,,5.0,0.0,1,343578,6763.0,WI,Dane,Madison,Old Middleton Greenway,-89.4864941,43.0862371,0.0093394,0.0091001,0.0145532162628
388,201.0,510400.0,2.0,0.0,3.25,0.53033008589,2,343579,6692.0,WI,Dane,Madison,Hawk's Landing,-89.5483877,43.0366484,0.0309706,0.011021,0.0514027203687
389,187.0,261800.0,1.75,0.153093108924,3.33333333333,0.333333333333,9,343581,6894.0,WI,Dane,Madison,Midvale Heights Community,-89.4623133,43.053154,0.022382,0.0155737,0.0624982461459
390,,,1.16666666667,0.152145154863,4.0,0.101015254455,7,343583,6685.0,WI,Dane,Madison,Summit Woods,-89.4548601,43.04162,0.0075343,0.0095427,0.0130698262904
391,,,2.0,0.5,3.16666666667,0.304290309725,6,343585,6800.0,WI,Dane,Madison,Faircrest,-89.4859333,43.0644272,0.0150661,0.0072653,0.0187638633711
392,,,,,3.75,0.883883476483,2,343586,6744.0,WI,Dane,Madison,Marbella,-89.4911666,43.0620616,0.0046631,0.0025344,0.00200527532966
393,145.0,233300.0,,,3.75,0.176776695297,2,343588,6750.0,WI,Dane,Madison,Reston Heights,-89.2609715,43.0924579,0.0115622,0.015116,0.0430705800039
394,,,2.0,0.0,2.5,0.0,1,343591,6710.0,WI,Dane,Madison,Park Ridge,-89.5028113,43.041899,0.004402,0.0052384,0.00382312690682
395,155.0,185900.0,1.5,0.353553390593,4.0,0.0,2,343592,6655.0,WI,Dane,Madison,Meadowood,-89.4780065,43.0323354,0.0217252,0.0137256,0.0519049078758
396,153.0,215800.0,1.66666666667,0.272165526976,3.75,0.450693909433,4,343595,6818.0,WI,Dane,Madison,Westhaven Trails,-89.5085567,43.0194067,0.0101806,0.0074172,0.0123747284043
397,145.0,246600.0,2.0,0.0,3.0,0.0,1,343596,6844.0,WI,Dane,Madison,Maple-Prairie,-89.4914061,43.0193469,0.0148712,0.0072525,0.0182916723884
398,,,1.28571428571,0.264520028506,3.22222222222,0.194223860772,9,343598,6732.0,WI,Dane,Madison,Leopold,-89.4154398,43.0307366,0.017529,0.0086738,0.0296375617551
399,39.0,54900.0,1.5,0.353553390593,3.75,0.53033008589,2,343624,5094.0,PA,Allegheny,Pittsburgh,Spring Garden,-79.9895859,40.468359,0.012043,0.0218124,0.872434137977
400,,,1.0,0.0,3.25,0.53033008589,2,343625,5150.0,PA,Allegheny,Pittsburgh,California-Kirkbride,-80.0230543,40.4595585,0.0153878,0.0086444,0.440317810269
401,45.0,62200.0,,,1.0,0.0,1,343626,5144.0,PA,Allegheny,Pittsburgh,Fine View,-80.0048466,40.4633331,0.0103798,0.0103416,0.355971645686
402,42.0,58100.0,,,4.5,0.353553390593,2,343628,5116.0,PA,Allegheny,Pittsburgh,Spring Hill-City View,-79.995739,40.4663369,0.0183716,0.0165094,1.00671949306
403,40.0,55600.0,1.75,0.216506350946,4.16666666667,0.366414054396,6,343629,5138.0,PA,Allegheny,Pittsburgh,Marshall-Shadeland,-80.0316253,40.4721499,0.0299521,0.0216921,2.14889034118
404,,,,,3.5,0.0,1,343630,5157.0,PA,Allegheny,Pittsburgh,East Carnegie,-80.0760479,40.419746,0.019926,0.012568,0.824615534505
405,75.0,97700.0,1.0,0.0,3.5,0.0,1,343631,5152.0,PA,Allegheny,Pittsburgh,Wind Gap,-80.074541,40.4555893,0.0252721,0.0167503,1.39410155603
406,92.0,112500.0,1.83333333333,0.280541803843,3.28571428571,0.438656842045,7,343632,5176.0,PA,Allegheny,Pittsburgh,Westwood,-80.047623,40.431778,0.0230643,0.0130653,0.995072113527
407,,,1.3,0.144913767462,3.59090909091,0.220987470366,11,343633,5224.0,PA,Allegheny,Pittsburgh,Oakwood,-80.0634713,40.426107,0.0195052,0.010932,0.703007177544
408,69.0,91500.0,1.5,0.353553390593,4.5,0.235702260396,3,343634,5207.0,PA,Allegheny,Pittsburgh,Crafton Heights,-80.0522375,40.4450893,0.021246,0.0151901,1.06520529761
409,,,,,4.0,0.707106781187,2,343635,5123.0,PA,Allegheny,Pittsburgh,Hays,-79.9479739,40.392222,0.044954,0.035874,5.37806142728
410,69.0,82700.0,1.0,0.0,3.875,0.207289049397,4,343636,5125.0,PA,Allegheny,Pittsburgh,Lincoln Place,-79.9133951,40.3710899,0.0268291,0.0196953,1.76816322287
411,,,1.6,0.219089023002,3.78571428571,0.19839002138,7,343637,5155.0,PA,Allegheny,Pittsburgh,Mount Oliver,-79.986393,40.4120026,0.0111542,0.0131264,0.486424752416
412,,,1.4,0.219089023002,3.7,0.401248052955,10,343638,5132.0,PA,Allegheny,Pittsburgh,Allegheny Center,-80.0076887,40.452837,0.0137783,0.0068207,0.311559514045
